-- --------------------------------------------------------
-- Host:                         127.0.0.1
-- Server version:               5.6.17 - MySQL Community Server (GPL)
-- Server OS:                    Win32
-- HeidiSQL Version:             9.2.0.4947
-- --------------------------------------------------------

/*!40101 SET @OLD_CHARACTER_SET_CLIENT=@@CHARACTER_SET_CLIENT */;
/*!40101 SET NAMES utf8mb4 */;
/*!40014 SET @OLD_FOREIGN_KEY_CHECKS=@@FOREIGN_KEY_CHECKS, FOREIGN_KEY_CHECKS=0 */;
/*!40101 SET @OLD_SQL_MODE=@@SQL_MODE, SQL_MODE='NO_AUTO_VALUE_ON_ZERO' */;

-- Dumping database structure for sampark_cnf1
CREATE DATABASE IF NOT EXISTS `sampark_cnf1` /*!40100 DEFAULT CHARACTER SET latin1 */;
USE `sampark_cnf1`;


-- Dumping structure for table sampark_cnf1.cfusers
CREATE TABLE IF NOT EXISTS `cfusers` (
  `user_name` varchar(50) NOT NULL,
  `pass` varchar(200) DEFAULT NULL,
  `authority` varchar(50) NOT NULL,
  `state` varchar(50) NOT NULL,
  `user_id` varchar(20) DEFAULT NULL,
  `assigned_officer_id` varchar(20) DEFAULT NULL,
  `fname` varchar(50) DEFAULT NULL,
  `lname` varchar(50) DEFAULT NULL,
  `email` varchar(30) DEFAULT NULL,
  `contact` varchar(30) DEFAULT NULL,
  `created_on` varchar(25) DEFAULT NULL,
  `active_flag` varchar(7) NOT NULL,
  `created_by` varchar(20) DEFAULT NULL,
  UNIQUE KEY `user_name` (`user_name`)
) ENGINE=InnoDB DEFAULT CHARSET=latin1;

-- Dumping data for table sampark_cnf1.cfusers: ~54 rows (approximately)
/*!40000 ALTER TABLE `cfusers` DISABLE KEYS */;
INSERT INTO `cfusers` (`user_name`, `pass`, `authority`, `state`, `user_id`, `assigned_officer_id`, `fname`, `lname`, `email`, `contact`, `created_on`, `active_flag`, `created_by`) VALUES
	('admin', 'Welcome123', 'admin', 'All', 'admin_1', '', NULL, NULL, 'chetanaa10@gmail.com', NULL, NULL, 'TRUE', NULL),
	('CH_officer_1', 'Welcome123', 'Officer', 'Chhattisgarh', 'Off_Ch_844a4e', '', 'Aditya', 'Bane', 'adityab@cdac.in', '1234567890', '03-07-16 11:41:20 am', 'TRUE', NULL),
	('CH_officer_2', 'Welcome123', 'Officer', 'Chhattisgarh', 'Off_Ch_63356e', '', 'xfsd', 'sdf', 'chetana@cdac.in', '1020202020', '03-07-16 12:22:20 pm', 'TRUE', NULL),
	('CH_officer_3', 'Welcome123', 'Officer', 'Chhattisgarh', 'Off_Ch_eb0047', '', 'mine', 'mine', 'mine@mine.com', '9820998899', '03-09-16 11:58:37 am', 'TRUE', NULL),
	('CH_operator_1', 'Welcome123', 'operator', 'Chhattisgarh', 'Ch_cb04fb', 'Ch_11eefb', 'Aditya', 'Bane', 'adityabane123@gmail.com', '1234567890', '03-07-16 12:21:54 pm', 'TRUE', 'Off_Ch_844a4e'),
	('CH_operator_10', 'Welcome123', 'operator', 'Chhattisgarh', 'Ch_d7668a', 'Ch_11eefb', 'bgsdjkbgfk', 'fnjkdbfjk', 'chetanaa10@gmail.com', '7346782478', '03-07-16 03:21:11 pm', 'TRUE', 'Off_Ch_844a4e'),
	('CH_operator_11', 'Welcome123', 'operator', 'Chhattisgarh', 'Ch_120279', 'Ch_11eefb', 'bgsdjkbgfk', 'fnjkdbfjk', 'chetanaa10@gmail.com', '7346782478', '03-07-16 03:51:02 pm', 'TRUE', 'Off_Ch_844a4e'),
	('CH_operator_12', 'Welcome123', 'operator', 'Chhattisgarh', 'Ch_100e40', 'Ch_11eefb', 'bgsdjkbgfk', 'fnjkdbfjk', 'chetanaa10@gmail.com', '7346782478', '03-07-16 04:08:06 pm', 'TRUE', 'Off_Ch_844a4e'),
	('CH_operator_13', 'Welcome123', 'operator', 'Chhattisgarh', 'Ch_fcbb48', 'Ch_11eefb', 'ghjghj', 'ghjg', 'chetanaa10@gmail.com', '5765765765', '03-07-16 04:11:06 pm', 'TRUE', 'Off_Ch_844a4e'),
	('CH_operator_14', 'Welcome123', 'operator', 'Chhattisgarh', 'Ch_916b0f', 'Ch_11eefb', 'ghjghj', 'ghjg', 'chetanaa10@gmail.com', '5765765765', '03-07-16 04:11:07 pm', 'TRUE', 'Off_Ch_844a4e'),
	('CH_operator_15', 'Welcome123', 'operator', 'Chhattisgarh', 'Ch_f81856', 'Ch_11eefb', 'ghjghj', 'ghjg', 'chetanaa10@gmail.com', '5765765765', '03-07-16 04:11:07 pm', 'TRUE', 'Off_Ch_844a4e'),
	('CH_operator_16', 'Welcome123', 'operator', 'Chhattisgarh', 'Ch_bad025', 'Ch_11eefb', 'ghjghj', 'ghjg', 'chetanaa10@gmail.com', '5765765765', '03-07-16 04:11:07 pm', 'TRUE', 'Off_Ch_844a4e'),
	('CH_operator_17', 'Welcome123', 'operator', 'Chhattisgarh', 'Ch_055d25', 'Ch_e27786', 'minemine', 'minemine', 'mine2@mine.com', '9225772453', '03-09-16 01:53:09 pm', 'TRUE', 'Off_Ch_844a4e'),
	('CH_operator_18', 'Welcome123', 'operator', 'Chhattisgarh', 'Ch_0501fc', 'Ch_e27786', 'minemine', 'minemine', 'mine2@mine.com', '9225772453', '03-09-16 01:53:12 pm', 'TRUE', 'Off_Ch_844a4e'),
	('CH_operator_19', 'Welcome123', 'operator', 'Chhattisgarh', 'Ch_dcb68d', 'Ch_e27786', 'minemine', 'minemine', 'mine2@mine.com', '9225772453', '03-09-16 01:54:51 pm', 'TRUE', 'Off_Ch_844a4e'),
	('CH_operator_2', 'Welcome123', 'operator', 'Chhattisgarh', 'Ch_d6e65d', 'Ch_68812f', 'Aditya', 'Bane', 'adityabane123@gmail.', '1234537890', '03-07-16 01:29:17 pm', 'TRUE', 'Off_Ch_844a4e'),
	('CH_operator_20', 'Welcome123', 'operator', 'Chhattisgarh', 'Ch_9680f1', 'Ch_e27786', 'minemine', 'minemine', 'mine2@mine.com', '9225772453', '03-09-16 01:54:52 pm', 'TRUE', 'Off_Ch_844a4e'),
	('CH_operator_21', 'Welcome123', 'operator', 'Chhattisgarh', 'Ch_8a9906', 'Ch_68812f', 'minemin', 'minemin', 'mine2min3@mine.com', '9773440596', '03-09-16 02:06:41 pm', 'TRUE', 'Off_Ch_844a4e'),
	('CH_operator_22', 'Welcome123', 'operator', 'Chhattisgarh', 'Ch_44deff', 'Ch_a94034', 'cccyftg', 'ccc', 'ccc@fassad.com', '3534534534', '03-11-16 04:09:31 pm', 'TRUE', 'Off_Ch_844a4e'),
	('CH_operator_3', 'Welcome123', 'operator', 'Chhattisgarh', 'Ch_080440', 'Ch_11eefb', 'gfhf', 'fghf', 'mayrz.77@gmail.com', '6575676575', '03-07-16 02:57:47 pm', 'TRUE', 'Off_Ch_844a4e'),
	('CH_operator_4', 'Welcome123', 'operator', 'Chhattisgarh', 'Ch_875c24', 'Ch_11eefb', 'gfhf', 'fghf', 'mayrz.77@gmail.com', '6575676575', '03-07-16 02:57:48 pm', 'TRUE', 'Off_Ch_844a4e'),
	('CH_operator_5', 'Welcome123', 'operator', 'Chhattisgarh', 'Ch_4f0996', 'Ch_11eefb', 'gfhf', 'fghf', 'mayrz.77@gmail.com', '6575676575', '03-07-16 02:57:48 pm', 'TRUE', 'Off_Ch_844a4e'),
	('CH_operator_6', 'Welcome123', 'operator', 'Chhattisgarh', 'Ch_eff801', 'Ch_11eefb', 'cvbcv', 'cvbv', 'mayrz.77@gmail.com', '5465464545', '03-07-16 03:05:06 pm', 'TRUE', 'Off_Ch_844a4e'),
	('CH_operator_7', 'Welcome123', 'operator', 'Chhattisgarh', 'Ch_cb8b71', 'Ch_11eefb', 'asasas', 'AAAAass', 'mayrz.77@gmail.com', '3124242312', '03-07-16 03:08:28 pm', 'TRUE', 'Off_Ch_844a4e'),
	('CH_operator_8', 'Welcome123', 'operator', 'Chhattisgarh', 'Ch_6665dc', 'Ch_11eefb', 'dfgdfgdf', 'rfsggsbf', 'mayrz.77@gmail.com', '3424234434', '03-07-16 03:09:57 pm', 'TRUE', 'Off_Ch_844a4e'),
	('CH_operator_9', 'Welcome123', 'operator', 'Chhattisgarh', 'Ch_211854', 'Ch_11eefb', 'ghfhfgh', 'dghdfhdh', 'chetana@cdac.in', '5646575757', '03-07-16 03:12:46 pm', 'TRUE', 'Off_Ch_844a4e'),
	('CH_reviewer_1', 'Welcome123', 'reviewer', 'Chhattisgarh', 'Ch_11eefb', 'Off_Ch_844a4e', 'Aditya', 'Bane', 'adityabane123@gmail.com', '1234567890', '03-07-16 12:07:01 pm', 'TRUE', 'Off_Ch_844a4e'),
	('CH_reviewer_10', 'Welcome123', 'reviewer', 'Chhattisgarh', 'Ch_a94034', 'Off_Ch_844a4e', 'asda', 'asdsa', 'adi@adi.hu', '1222221432', '03-10-16 12:45:23 pm', 'TRUE', 'Off_Ch_844a4e'),
	('CH_reviewer_11', 'Welcome123', 'reviewer', 'Chhattisgarh', 'adiadi', NULL, 'adi', 'adi', 'adi', '13341231', '2016-05-25 20:24:10', '1', NULL),
	('CH_reviewer_2', 'Welcome123', 'reviewer', 'Chhattisgarh', 'Ch_68812f', 'Off_Ch_844a4e', 'Aditya', 'Bane', 'adityabane123@gmail.com', '1234567890', '03-07-16 12:15:00 pm', 'TRUE', 'Off_Ch_844a4e'),
	('CH_reviewer_3', 'Welcome123', 'reviewer', 'Chhattisgarh', 'Ch_e27786', 'Off_Ch_844a4e', 'mayur', 'z', 'mayurz@cdac.in', '8097675447', '03-07-16 02:16:33 pm', 'TRUE', 'Off_Ch_844a4e'),
	('CH_reviewer_4', 'Welcome123', 'reviewer', 'Chhattisgarh', 'Ch_aefa7e', 'Off_Ch_844a4e', 'ghfg', 'gfh', 'mayrz.77@gmail.com', '8097675447', '03-07-16 02:19:52 pm', 'TRUE', 'Off_Ch_844a4e'),
	('CH_reviewer_5', 'Welcome123', 'reviewer', 'Chhattisgarh', 'Ch_279b56', 'Off_Ch_844a4e', 'hjg', 'ghj', 'chetana@cdac.in', '1230456789', '03-07-16 02:21:48 pm', 'TRUE', 'Off_Ch_844a4e'),
	('CH_reviewer_6', 'Welcome123', 'reviewer', 'Chhattisgarh', 'Ch_fcfbf6', 'Off_Ch_844a4e', 'gfhf', 'gfhgfh', 'chetana@cdac.in', '4564564564', '03-07-16 02:57:10 pm', 'TRUE', 'Off_Ch_844a4e'),
	('CH_reviewer_7', 'Welcome123', 'reviewer', 'Chhattisgarh', 'Ch_a7834e', 'Off_Ch_844a4e', 'sdfsadf', 'afasff', 'mayrz.77@gmail.com', '2342143434', '03-07-16 05:02:13 pm', 'TRUE', 'Off_Ch_844a4e'),
	('CH_reviewer_8', 'Welcome123', 'reviewer', 'Chhattisgarh', 'Ch_1c63e5', 'Off_Ch_844a4e', 'jbafjbaf', 'hjsbfj', 'mayrz.77@gmail.com', '8358945609', '03-07-16 05:10:57 pm', 'TRUE', 'Off_Ch_844a4e'),
	('CH_reviewer_9', 'Welcome123', 'reviewer', 'Chhattisgarh', 'Ch_887700', 'Off_Ch_844a4e', 'hjksbgfkj', 'ndjksgfn', 'mayrz.77@gmail.com', '8237555489', '03-07-16 05:14:37 pm', 'TRUE', 'Off_Ch_844a4e'),
	('GA_officer_1', 'Welcome123', 'Officer', 'Goa', 'Off_Go_b7ca3d', '', 'minefine', 'minefine', 'tushar@tushar.com', '1231231321', '03-10-16 03:57:36 pm', 'TRUE', NULL),
	('GA_officer_2', 'Welcome123', 'Officer', 'Goa', 'Off_Go_12c562', '', 'trysecond', 'trysecond', 'trysecond@trysecond.in', '1231231231', '03-10-16 03:59:00 pm', 'TRUE', NULL),
	('JH_officer_1', 'Welcome123', 'Officer', 'Jharkhand', 'Off_Jh_611cfa', '', 'Aditya', 'Bane', 'adityab@cdac.in', '1234567890', '03-07-16 11:53:26 am', 'TRUE', NULL),
	('JH_officer_2', 'Welcome123', 'Officer', 'Jharkhand', 'Off_Jh_57453f', '', 'gf', 'gf', 'chetanaa10@gmail.com', '1234567890', '03-07-16 12:23:18 pm', 'TRUE', NULL),
	('JH_operator_1', 'Welcome123', 'operator', 'Jharkhand', 'Jh_2521e4', 'Jh_c14e70', 'Aditya', 'Bane', 'adityabane123@gmail.com', '1234567899', '03-16-16 04:00:22 pm', 'TRUE', 'Off_Jh_611cfa'),
	('JH_operator_2', 'Welcome123', 'operator', 'Jharkhand', 'Jh_35ce20', 'Jh_c73d8d', 'Vishal', 'd', 'vishald@cdac.in', '0987676215', '03-16-16 04:01:10 pm', 'TRUE', 'Off_Jh_611cfa'),
	('JH_operator_3', 'Welcome123', 'operator', 'Jharkhand', 'Jh_c0ab36', 'Jh_c14e70', 'adi', 'adi', 'adityabane123@gmail.com', '2312313232', '03-16-16 04:03:38 pm', 'TRUE', 'Off_Jh_611cfa'),
	('JH_operator_4', 'Welcome123', 'operator', 'Jharkhand', 'Jh_cd5431', 'Jh_3513b8', 'adi', 'adi', 'adityabane123@gmail.com', '2312313232', '03-16-16 04:04:15 pm', 'TRUE', 'Off_Jh_611cfa'),
	('JH_reviewer_1', 'Welcome123', 'reviewer', 'Jharkhand', 'Jh_c14e70', 'Off_Jh_611cfa', 'Aditya', 'Bane', 'adityabane123@gmail.com', '2312313232', '03-16-16 03:59:30 pm', 'TRUE', 'Off_Jh_611cfa'),
	('JH_reviewer_2', 'Welcome123', 'reviewer', 'Jharkhand', 'Jh_c73d8d', 'Off_Jh_611cfa', 'Vishal', 'D', 'vishald@cdac.in', '1234567890', '03-16-16 04:00:03 pm', 'TRUE', 'Off_Jh_611cfa'),
	('JH_reviewer_3', 'Welcome123', 'reviewer', 'Jharkhand', 'Jh_3513b8', 'Off_Jh_611cfa', 'Vishal', 'D', 'vishald@cdac.in', '0998876562', '03-16-16 04:00:43 pm', 'TRUE', 'Off_Jh_611cfa'),
	('JK_officer_1', 'Welcome123', 'Officer', 'Jammu and Kashmir', 'Off_Ja_92a26f', '', 'Aditya', 'Bane', 'adityabane123@gmail.com', '1234567890', '03-16-16 04:10:59 pm', 'TRUE', NULL),
	('JK_operator_1', 'Welcome123', 'operator', 'Jammu and Kashmir', 'Ja_8d4bc3', 'Ja_26e0bd', 'adi', 'adi', 'adityabane123@gmail.com', '2312313232', '03-16-16 04:11:34 pm', 'TRUE', NULL),
	('JK_operator_2', 'Welcome123', 'operator', 'Jammu and Kashmir', 'Ja_ec908a', 'Ja_79a8af', 'Tushar', 'c', 'tusharc@cdac.in', '1231321231', '03-16-16 04:12:27 pm', 'TRUE', 'Off_Ja_92a26f'),
	('JK_operator_3', 'Welcome123', 'operator', 'Jammu and Kashmir', 'Ja_156f46', 'Ja_3ed138', 'Chetana', 'araj', 'chetana@cdac.in', '1223423562', '03-16-16 04:14:34 pm', 'TRUE', 'Off_Ja_92a26f'),
	('JK_reviewer_1', 'Welcome123', 'reviewer', 'Jammu and Kashmir', 'Ja_26e0bd', 'Off_Ja_92a26f', 'adi', 'adi', 'adityabane123@gmail.com', '2312313232', '03-16-16 04:11:27 pm', 'TRUE', NULL),
	('JK_reviewer_2', 'Welcome123', 'reviewer', 'Jammu and Kashmir', 'Ja_79a8af', 'Off_Ja_92a26f', 'Vishal', 'D', 'adityabane123@gmail.com', '1213212231', '03-16-16 04:11:52 pm', 'TRUE', 'Off_Ja_92a26f'),
	('JK_reviewer_3', 'Welcome123', 'reviewer', 'Jammu and Kashmir', 'Ja_3ed138', 'Off_Ja_92a26f', 'Chetana', 'adi', 'adityabane123@gmail.com', '2312313232', '03-16-16 04:14:12 pm', 'TRUE', 'Off_Ja_92a26f');
/*!40000 ALTER TABLE `cfusers` ENABLE KEYS */;


-- Dumping structure for table sampark_cnf1.common_doc
CREATE TABLE IF NOT EXISTS `common_doc` (
  `doc_id` int(2) NOT NULL,
  `doc_name` varchar(50) NOT NULL,
  PRIMARY KEY (`doc_id`)
) ENGINE=InnoDB DEFAULT CHARSET=latin1;

-- Dumping data for table sampark_cnf1.common_doc: ~4 rows (approximately)
/*!40000 ALTER TABLE `common_doc` DISABLE KEYS */;
INSERT INTO `common_doc` (`doc_id`, `doc_name`) VALUES
	(1, 'Pan Card'),
	(2, 'Driving Licence'),
	(3, 'Aadhar Card'),
	(4, 'Voting Card');
/*!40000 ALTER TABLE `common_doc` ENABLE KEYS */;


-- Dumping structure for table sampark_cnf1.departments
CREATE TABLE IF NOT EXISTS `departments` (
  `id` int(11) NOT NULL AUTO_INCREMENT,
  `dept_id` varchar(5) NOT NULL DEFAULT '',
  `dept_name` varchar(50) DEFAULT NULL,
  `state_id` varchar(2) DEFAULT NULL,
  `is_active` int(11) NOT NULL DEFAULT '1',
  UNIQUE KEY `id` (`id`),
  KEY `state_id` (`state_id`)
) ENGINE=MyISAM AUTO_INCREMENT=18 DEFAULT CHARSET=latin1;

-- Dumping data for table sampark_cnf1.departments: 17 rows
/*!40000 ALTER TABLE `departments` DISABLE KEYS */;
INSERT INTO `departments` (`id`, `dept_id`, `dept_name`, `state_id`, `is_active`) VALUES
	(1, 'CH001', 'Transport Service', 'CH', 1),
	(2, 'CH002', 'Cast Certificate', 'CH', 1),
	(3, 'CH003', 'Certificate', 'CH', 1),
	(4, 'CH000', 'Others', 'CH', 1),
	(5, 'CH001', 'Police Department', 'CH', 1),
	(6, 'CH004', 'Dummy department', 'CH', 1),
	(7, '', 'Others', 'GA', 1),
	(8, 'CH005', 'delete karne wala department', 'CH', 0),
	(9, 'CH006', 'xxyyzz', 'CH', 0),
	(10, 'JK001', 'Others', 'JK', 1),
	(11, 'JH001', 'Other', 'JH', 1),
	(12, 'GA001', 'hehe', 'GA', 0),
	(13, '', 'Others', 'AR', 1),
	(14, 'BR000', 'Others', 'BR', 1),
	(15, 'CH007', 'Test Department', 'CH', 0),
	(16, 'CH008', 'Test1 Department', 'CH', 0),
	(17, 'JH002', 'Transport Service', 'JH', 1);
/*!40000 ALTER TABLE `departments` ENABLE KEYS */;


-- Dumping structure for table sampark_cnf1.languages
CREATE TABLE IF NOT EXISTS `languages` (
  `id` int(3) NOT NULL AUTO_INCREMENT,
  `lang_id` varchar(2) DEFAULT NULL,
  `language` varchar(50) DEFAULT NULL,
  `state_id` varchar(5) DEFAULT NULL,
  PRIMARY KEY (`id`)
) ENGINE=MyISAM AUTO_INCREMENT=16 DEFAULT CHARSET=latin1;

-- Dumping data for table sampark_cnf1.languages: 5 rows
/*!40000 ALTER TABLE `languages` DISABLE KEYS */;
INSERT INTO `languages` (`id`, `lang_id`, `language`, `state_id`) VALUES
	(1, 'EN', 'English', 'CH'),
	(2, 'HI', 'Hindi', 'CH'),
	(9, 'CH', 'Chatti', 'CH'),
	(14, 'EN', 'English', 'JH'),
	(15, 'HI', 'Hindi', 'JH');
/*!40000 ALTER TABLE `languages` ENABLE KEYS */;


-- Dumping structure for table sampark_cnf1.m_states
CREATE TABLE IF NOT EXISTS `m_states` (
  `state_id` varchar(2) DEFAULT NULL,
  `state_name` varchar(50) DEFAULT NULL,
  `id` int(2) NOT NULL AUTO_INCREMENT,
  PRIMARY KEY (`id`),
  UNIQUE KEY `state_id` (`state_id`)
) ENGINE=InnoDB AUTO_INCREMENT=20 DEFAULT CHARSET=utf8;

-- Dumping data for table sampark_cnf1.m_states: ~7 rows (approximately)
/*!40000 ALTER TABLE `m_states` DISABLE KEYS */;
INSERT INTO `m_states` (`state_id`, `state_name`, `id`) VALUES
	('CH', 'Chhattisgarh', 13),
	('JH', 'Jharkhand', 14),
	('AP', 'Andhra Pradesh', 15),
	('GA', 'Goa', 16),
	('JK', 'Jammu and Kashmir', 17),
	('AR', 'Arunachal Pradesh', 18),
	('BR', 'Bihar', 19);
/*!40000 ALTER TABLE `m_states` ENABLE KEYS */;


-- Dumping structure for table sampark_cnf1.operator
CREATE TABLE IF NOT EXISTS `operator` (
  `id` int(2) NOT NULL,
  `name` varchar(50) CHARACTER SET utf8 NOT NULL
) ENGINE=MyISAM DEFAULT CHARSET=latin1;

-- Dumping data for table sampark_cnf1.operator: 2 rows
/*!40000 ALTER TABLE `operator` DISABLE KEYS */;
INSERT INTO `operator` (`id`, `name`) VALUES
	(1, 'Aditya'),
	(2, 'Tushar');
/*!40000 ALTER TABLE `operator` ENABLE KEYS */;


-- Dumping structure for table sampark_cnf1.service_log
CREATE TABLE IF NOT EXISTS `service_log` (
  `id` int(11) NOT NULL AUTO_INCREMENT,
  `action` varchar(100) NOT NULL,
  `action_by` varchar(100) NOT NULL,
  `date_time` timestamp NOT NULL DEFAULT CURRENT_TIMESTAMP ON UPDATE CURRENT_TIMESTAMP,
  `target` varchar(100) NOT NULL,
  PRIMARY KEY (`id`)
) ENGINE=MyISAM AUTO_INCREMENT=409 DEFAULT CHARSET=utf8;

-- Dumping data for table sampark_cnf1.service_log: 408 rows
/*!40000 ALTER TABLE `service_log` DISABLE KEYS */;
INSERT INTO `service_log` (`id`, `action`, `action_by`, `date_time`, `target`) VALUES
	(1, 'added State ::Chhattisgarh', 'admin', '2016-03-07 11:38:01', 'Chhattisgarh'),
	(2, 'added State ::Jharkhand', 'admin', '2016-03-07 11:53:08', 'Jharkhand'),
	(3, 'department added ::Licence', 'CH_officer_1', '2016-03-07 14:20:57', 'Licence'),
	(4, 'language added ::English', 'CH_officer_1', '2016-03-07 14:21:25', 'English'),
	(5, 'language added ::English', 'CH_officer_1', '2016-03-07 14:21:39', 'English'),
	(6, 'added service ::CH			0001', 'CH_operator_1', '2016-03-07 14:33:40', 'CH			0001'),
	(7, 'added service ::CH			0001', 'CH_operator_1', '2016-03-07 15:21:01', 'CH			0001'),
	(8, 'added service ::CH			0002', 'CH_operator_1', '2016-03-07 17:10:42', 'CH			0002'),
	(9, 'added service ::CH			0003', 'CH_operator_1', '2016-03-07 17:24:16', 'CH			0003'),
	(10, 'added service ::CH			0004', 'CH_operator_1', '2016-03-07 17:34:54', 'CH			0004'),
	(11, 'department added ::HI', 'CH_officer_1', '2016-03-07 17:35:40', 'HI'),
	(12, 'department added ::asdad', 'CH_officer_1', '2016-03-07 17:39:08', 'asdad'),
	(13, 'department added ::asdasd', 'CH_officer_1', '2016-03-07 17:42:06', 'asdasd'),
	(14, 'department added ::adi', 'CH_officer_1', '2016-03-07 17:43:18', 'adi'),
	(15, 'department added ::sadadasdadsad', 'CH_officer_1', '2016-03-07 17:44:46', 'sadadasdadsad'),
	(16, 'department added ::asdasdada', 'CH_officer_1', '2016-03-07 17:45:01', 'asdasdada'),
	(17, 'department added ::Test 1', 'CH_officer_1', '2016-03-07 17:45:41', 'Test 1'),
	(18, 'department added ::Test 1', 'CH_officer_1', '2016-03-07 17:51:59', 'Test 1'),
	(19, 'department added ::Test 2', 'CH_officer_1', '2016-03-07 17:52:10', 'Test 2'),
	(20, 'department added ::sada', 'CH_officer_1', '2016-03-07 18:06:25', 'sada'),
	(21, 'department added ::Transport Service', 'CH_officer_1', '2016-03-08 09:51:03', 'Transport Service'),
	(22, 'department added ::abcd', 'ch_officer_1', '2016-03-08 09:55:39', 'abcd'),
	(23, 'department added ::abcdfg', 'ch_officer_1', '2016-03-08 09:59:18', 'abcdfg'),
	(24, 'department added ::adccxa', 'ch_officer_1', '2016-03-08 10:08:48', 'adccxa'),
	(25, 'department added ::scfasecdc', 'ch_officer_1', '2016-03-08 10:09:03', 'scfasecdc'),
	(26, 'department added ::asqw', 'ch_officer_1', '2016-03-08 10:09:16', 'asqw'),
	(27, 'department added ::axdadad', 'ch_officer_1', '2016-03-08 10:10:02', 'axdadad'),
	(28, 'department added ::ujttgju', 'ch_officer_1', '2016-03-08 10:11:22', 'ujttgju'),
	(29, 'department added ::hxcvsfsrf', 'ch_officer_1', '2016-03-08 10:11:36', 'hxcvsfsrf'),
	(30, 'department added ::asdertgg', 'ch_officer_1', '2016-03-08 10:15:10', 'asdertgg'),
	(31, 'department added ::i8ktyd5rde', 'ch_officer_1', '2016-03-08 10:17:09', 'i8ktyd5rde'),
	(32, 'department added ::qwe', 'ch_officer_1', '2016-03-08 10:23:56', 'qwe'),
	(33, 'department added ::testt1', 'ch_officer_1', '2016-03-08 10:25:40', 'testt1'),
	(34, 'department added ::afefaf', 'ch_officer_1', '2016-03-08 10:27:39', 'afefaf'),
	(35, 'department added ::safceda', 'ch_officer_1', '2016-03-08 10:27:51', 'safceda'),
	(36, 'department added ::qdeqedqd', 'ch_officer_1', '2016-03-08 10:28:28', 'qdeqedqd'),
	(37, 'department added ::aqefdaqdfqa', 'ch_officer_1', '2016-03-08 10:31:16', 'aqefdaqdfqa'),
	(38, 'department added ::asdcadc', 'ch_officer_1', '2016-03-08 10:31:38', 'asdcadc'),
	(39, 'department added ::aedaqd', 'ch_officer_1', '2016-03-08 10:33:30', 'aedaqd'),
	(40, 'department added ::asdasd', 'ch_officer_1', '2016-03-08 10:34:29', 'asdasd'),
	(41, 'department added ::zxczxc', 'ch_officer_1', '2016-03-08 10:34:40', 'zxczxc'),
	(42, 'department added ::ghjghj', 'ch_officer_1', '2016-03-08 10:34:51', 'ghjghj'),
	(43, 'department added ::fghfgh', 'ch_officer_1', '2016-03-08 10:37:10', 'fghfgh'),
	(44, 'department added ::uoibljk', 'ch_officer_1', '2016-03-08 10:38:48', 'uoibljk'),
	(45, 'department added ::nnnn', 'ch_officer_1', '2016-03-08 10:40:48', 'nnnn'),
	(46, 'department added ::tttttt', 'ch_officer_1', '2016-03-08 10:40:55', 'tttttt'),
	(47, 'department added ::rrrrrrr', 'ch_officer_1', '2016-03-08 10:41:58', 'rrrrrrr'),
	(48, 'department added ::fffffff', 'ch_officer_1', '2016-03-08 10:42:15', 'fffffff'),
	(49, 'department added ::Transport Service', 'CH_officer_1', '2016-03-08 10:43:03', 'Transport Service'),
	(50, 'added service ::CH0010001', 'CH_operator_1', '2016-03-08 10:49:35', 'CH0010001'),
	(51, 'language added ::Hindi', 'CH_officer_1', '2016-03-08 10:52:04', 'Hindi'),
	(52, 'department added ::Cast Certificate', 'CH_officer_1', '2016-03-08 10:54:55', 'Cast Certificate'),
	(53, 'department added ::Certificate', 'CH_officer_1', '2016-03-08 10:57:31', 'Certificate'),
	(54, 'added service ::CH0030001', 'CH_operator_2', '2016-03-08 11:09:10', 'CH0030001'),
	(55, 'approved service by reviewer  ::CH0010001', 'CH_reviewer_1', '2016-03-08 11:11:06', 'CH0010001'),
	(56, 'Rejected service ::CH0030001', 'CH_reviewer_2', '2016-03-08 11:11:49', 'CH0030001'),
	(57, 'added service ::CH0030002', 'CH_operator_2', '2016-03-08 11:24:18', 'CH0030002'),
	(58, 'Service updated by  ::CH0030001', 'CH_operator_2', '2016-03-08 11:25:50', 'CH0030001'),
	(59, 'approved service by reviewer  ::CH0030001', 'CH_reviewer_2', '2016-03-08 11:26:35', 'CH0030001'),
	(60, 'approved service by reviewer  ::CH0030002', 'CH_reviewer_2', '2016-03-08 11:26:43', 'CH0030002'),
	(61, 'Approved service ::CH0010001', 'CH_officer_1', '2016-03-08 11:27:54', 'CH0010001'),
	(62, 'Approved service ::CH0030002', 'CH_officer_1', '2016-03-08 11:28:15', 'CH0030002'),
	(63, 'added State ::Andhra Pradesh', 'admin', '2016-03-08 14:43:15', 'Andhra Pradesh'),
	(64, 'added service ::CH0010002', 'CH_operator_2', '2016-03-08 17:17:24', 'CH0010002'),
	(65, 'Rejected service ::CH0010002', 'CH_reviewer_2', '2016-03-08 17:17:51', 'CH0010002'),
	(66, 'added service ::CH0000001', 'CH_operator_3', '2016-03-09 10:29:33', 'CH0000001'),
	(67, 'approved service by reviewer  ::CH0000001', 'CH_reviewer_1', '2016-03-09 10:34:44', 'CH0000001'),
	(68, 'Service updated by  ::', 'CH_operator_3', '2016-03-09 10:42:16', ''),
	(69, 'Service updated by  ::', 'CH_operator_3', '2016-03-09 10:48:40', ''),
	(70, 'Service updated by  ::', 'CH_operator_3', '2016-03-09 10:53:45', ''),
	(71, 'Service updated by  ::', 'CH_operator_3', '2016-03-09 10:56:45', ''),
	(72, 'Service updated by  ::', 'CH_operator_3', '2016-03-09 10:59:48', ''),
	(73, 'Service updated by  ::CH0000001', 'CH_operator_3', '2016-03-09 11:00:53', 'CH0000001'),
	(74, 'Rejected service ::CH0000001', 'CH_reviewer_1', '2016-03-09 11:02:57', 'CH0000001'),
	(75, 'Service updated by  ::CH0000001', 'CH_operator_3', '2016-03-09 11:03:51', 'CH0000001'),
	(76, 'Service updated by  ::CH0000001', 'CH_operator_3', '2016-03-09 11:16:12', 'CH0000001'),
	(77, 'Rejected service ::CH0000001', 'CH_reviewer_1', '2016-03-09 11:16:50', 'CH0000001'),
	(78, 'Service updated by  ::CH0000001', 'CH_operator_3', '2016-03-09 11:17:20', 'CH0000001'),
	(79, 'Service updated by  ::CH0000001', 'CH_operator_3', '2016-03-09 11:18:00', 'CH0000001'),
	(80, 'Service updated by  ::CH0000001', 'CH_operator_3', '2016-03-09 11:19:05', 'CH0000001'),
	(81, 'Service updated by  ::CH0000001', 'CH_operator_3', '2016-03-09 11:21:09', 'CH0000001'),
	(82, 'Service updated by  ::CH0000001', 'CH_operator_3', '2016-03-09 11:21:36', 'CH0000001'),
	(83, 'Service updated by  ::CH0000001', 'CH_operator_3', '2016-03-09 11:22:09', 'CH0000001'),
	(84, 'Service updated by  ::CH0000001', 'CH_operator_3', '2016-03-09 11:22:38', 'CH0000001'),
	(85, 'Rejected service ::CH0000001', 'CH_reviewer_1', '2016-03-09 11:24:21', 'CH0000001'),
	(86, 'Service updated by  ::CH0000001', 'CH_operator_3', '2016-03-09 11:24:48', 'CH0000001'),
	(87, 'Service updated by  ::CH0000001', 'CH_operator_3', '2016-03-09 11:25:14', 'CH0000001'),
	(88, 'Service updated by  ::CH0000001', 'CH_operator_3', '2016-03-09 11:25:59', 'CH0000001'),
	(89, 'Service updated by  ::CH0000001', 'CH_operator_3', '2016-03-09 11:26:14', 'CH0000001'),
	(90, 'Service updated by  ::CH0000001', 'CH_operator_3', '2016-03-09 11:27:09', 'CH0000001'),
	(91, 'Service updated by  ::CH0000001', 'CH_operator_3', '2016-03-09 11:27:35', 'CH0000001'),
	(92, 'Service updated by  ::CH0000001', 'CH_operator_3', '2016-03-09 11:29:56', 'CH0000001'),
	(93, 'Service updated by  ::CH0000001', 'CH_operator_3', '2016-03-09 11:30:10', 'CH0000001'),
	(94, 'department added ::Police Department', 'CH_officer_1', '2016-03-09 11:32:54', 'Police Department'),
	(95, 'Service updated by  ::CH0000001', 'CH_operator_3', '2016-03-09 11:33:55', 'CH0000001'),
	(96, 'Service updated by  ::CH0000001', 'CH_operator_3', '2016-03-09 11:35:00', 'CH0000001'),
	(97, 'Service updated by  ::CH0000001', 'CH_operator_3', '2016-03-09 11:35:53', 'CH0000001'),
	(98, 'Service updated by  ::CH0000001', 'CH_operator_3', '2016-03-09 11:36:11', 'CH0000001'),
	(99, 'department added ::try6', 'ch_officer_1', '2016-03-09 11:52:36', 'try6'),
	(100, 'added State ::Goa', 'admin', '2016-03-09 12:20:27', 'Goa'),
	(101, 'added service ::CH0010003', 'CH_operator_3', '2016-03-09 13:29:32', 'CH0010003'),
	(102, 'added service ::CH0010004', 'CH_operator_3', '2016-03-09 13:31:25', 'CH0010004'),
	(103, 'added service ::CH0010005', 'CH_operator_3', '2016-03-09 13:34:56', 'CH0010005'),
	(104, 'added service ::CH0010006', 'CH_operator_3', '2016-03-09 13:37:40', 'CH0010006'),
	(105, 'department added ::delete karne wala department', 'ch_officer_1', '2016-03-09 14:00:09', 'delete karne wala department'),
	(106, 'department added ::xxyyzz', 'ch_officer_1', '2016-03-09 14:01:02', 'xxyyzz'),
	(107, 'added service ::CH0010007', 'CH_operator_3', '2016-03-09 14:13:17', 'CH0010007'),
	(108, 'approved service by reviewer  ::CH0010007', 'CH_reviewer_1', '2016-03-09 14:13:48', 'CH0010007'),
	(109, 'Approved service ::CH0010007', 'ch_officer_1', '2016-03-09 14:14:34', 'CH0010007'),
	(110, 'added service ::CH0040001', 'CH_operator_3', '2016-03-09 15:00:32', 'CH0040001'),
	(111, 'added service ::CH0040002', 'CH_operator_3', '2016-03-09 15:01:36', 'CH0040002'),
	(112, 'added service ::CH0010008', 'CH_operator_2', '2016-03-09 15:20:09', 'CH0010008'),
	(113, 'Rejected service ::CH0010008', 'CH_reviewer_2', '2016-03-09 15:24:07', 'CH0010008'),
	(114, 'Service updated by  ::CH0010008', 'CH_operator_2', '2016-03-09 15:25:16', 'CH0010008'),
	(115, 'approved service by reviewer  ::CH0010008', 'CH_reviewer_2', '2016-03-09 15:26:10', 'CH0010008'),
	(116, 'Approved service ::CH0010008', 'CH_officer_1', '2016-03-09 15:27:05', 'CH0010008'),
	(117, 'added service ::CH0040003', 'CH_operator_2', '2016-03-11 10:55:45', 'CH0040003'),
	(118, 'Service updated by  ::CH0010002', 'CH_operator_2', '2016-03-11 10:58:17', 'CH0010002'),
	(119, 'Rejected service ::CH0010002', 'CH_reviewer_2', '2016-03-11 11:01:24', 'CH0010002'),
	(120, 'added service ::CH0040004', 'CH_operator_2', '2016-03-11 11:09:06', 'CH0040004'),
	(121, 'Rejected service ::CH0040004', 'CH_reviewer_2', '2016-03-11 11:09:54', 'CH0040004'),
	(122, 'Rejected service ::CH0040003', 'CH_reviewer_2', '2016-03-11 11:10:00', 'CH0040003'),
	(123, 'Service updated by  ::CH0010002', 'CH_operator_2', '2016-03-11 11:21:24', 'CH0010002'),
	(124, 'Service updated by  ::CH0010002', 'CH_operator_2', '2016-03-11 11:27:06', 'CH0010002'),
	(125, 'Service updated by  ::CH0040004', 'CH_operator_2', '2016-03-11 11:29:18', 'CH0040004'),
	(126, 'Service updated by  ::CH0040003', 'CH_operator_2', '2016-03-11 11:34:55', 'CH0040003'),
	(127, 'Rejected service ::CH0040003', 'CH_reviewer_2', '2016-03-11 11:35:29', 'CH0040003'),
	(128, 'Rejected service ::CH0040004', 'CH_reviewer_2', '2016-03-11 11:35:34', 'CH0040004'),
	(129, 'Rejected service ::CH0010002', 'CH_reviewer_2', '2016-03-11 11:35:39', 'CH0010002'),
	(130, 'Service updated by  ::CH0040004', 'CH_operator_2', '2016-03-11 12:02:44', 'CH0040004'),
	(131, 'Service updated by  ::CH0040004', 'CH_operator_2', '2016-03-11 12:09:10', 'CH0040004'),
	(132, 'Service updated by  ::CH0040003', 'CH_operator_2', '2016-03-11 12:09:36', 'CH0040003'),
	(133, 'deleted service ::CH0040003', 'CH_reviewer_2', '2016-03-11 12:20:18', 'CH0040003'),
	(134, 'deleted service ::CH0040004', 'CH_reviewer_2', '2016-03-11 12:20:21', 'CH0040004'),
	(135, 'language added ::jhkhjkh', '', '2016-03-11 13:55:04', 'jhkhjkh'),
	(136, 'language added ::iuouio', 'ch_officer_1', '2016-03-11 13:56:24', 'iuouio'),
	(137, 'language added ::uiouiou', 'ch_officer_1', '2016-03-11 13:57:13', 'uiouiou'),
	(138, 'language added ::h', 'ch_officer_1', '2016-03-11 13:58:23', 'h'),
	(139, 'language added ::uo', 'ch_officer_1', '2016-03-11 13:59:09', 'uo'),
	(140, 'language added ::hklj', 'ch_officer_1', '2016-03-11 13:59:44', 'hklj'),
	(141, 'Service updated by  ::CH0010002', 'CH_operator_2', '2016-03-14 09:41:04', 'CH0010002'),
	(142, 'added service ::CH0020001', 'CH_operator_2', '2016-03-14 10:41:44', 'CH0020001'),
	(143, 'Rejected service ::CH0020001', 'CH_reviewer_2', '2016-03-14 10:56:40', 'CH0020001'),
	(144, 'added service ::CH0000001', 'CH_operator_2', '2016-03-16 12:03:34', 'CH0000001'),
	(145, 'added service ::CH0000002', 'CH_operator_2', '2016-03-16 12:17:51', 'CH0000002'),
	(146, 'added service ::CH0000003', 'CH_operator_2', '2016-03-16 12:25:18', 'CH0000003'),
	(147, 'added service ::CH0000004', 'CH_operator_2', '2016-03-16 12:29:43', 'CH0000004'),
	(148, 'added service ::CH0000005', 'CH_operator_2', '2016-03-16 14:19:57', 'CH0000005'),
	(149, 'added service ::CH0000006', 'CH_operator_2', '2016-03-16 14:27:16', 'CH0000006'),
	(150, 'added service ::CH0000007', 'CH_operator_2', '2016-03-16 14:49:30', 'CH0000007'),
	(151, 'added service ::CH0000008', 'CH_operator_2', '2016-03-16 14:53:00', 'CH0000008'),
	(152, 'added service ::CH0010001', 'CH_operator_2', '2016-03-16 15:08:00', 'CH0010001'),
	(153, 'added service ::CH0010002', 'CH_operator_2', '2016-03-16 15:13:31', 'CH0010002'),
	(154, 'added State ::Jammu and Kashmir', 'admin', '2016-03-16 16:10:39', 'Jammu and Kashmir'),
	(155, 'department added ::Other', 'JH_officer_1', '2016-03-16 16:48:10', 'Other'),
	(156, 'added service ::JK0010001', 'JK_operator_1', '2016-03-16 17:01:11', 'JK0010001'),
	(157, 'added service ::JK0010002', 'JK_operator_1', '2016-03-16 17:12:22', 'JK0010002'),
	(158, 'department added ::hehe', 'GA_officer_1', '2016-03-16 17:15:58', 'hehe'),
	(159, 'added service ::JK0010003', 'JK_operator_1', '2016-03-16 17:19:50', 'JK0010003'),
	(160, 'added service ::JK0010004', 'JK_operator_1', '2016-03-16 17:25:08', 'JK0010004'),
	(161, 'added service ::JK0010005', 'JK_operator_1', '2016-03-16 17:27:46', 'JK0010005'),
	(162, 'added State ::Arunachal Pradesh', 'admin', '2016-03-17 09:38:06', 'Arunachal Pradesh'),
	(163, 'added State ::Bihar', 'admin', '2016-03-17 09:39:10', 'Bihar'),
	(164, 'added service ::JH0010001', 'JH_operator_1', '2016-03-17 10:09:22', 'JH0010001'),
	(165, 'added service ::JH0010002', 'JH_operator_1', '2016-03-17 10:16:22', 'JH0010002'),
	(166, 'added service ::JH0010003', 'JH_operator_1', '2016-03-17 10:26:23', 'JH0010003'),
	(167, 'added service ::JH0010004', 'JH_operator_1', '2016-03-17 10:35:46', 'JH0010004'),
	(168, 'added service ::JH0010005', 'JH_operator_1', '2016-03-17 11:28:42', 'JH0010005'),
	(169, 'added service ::JH0010006', 'JH_operator_1', '2016-03-17 11:39:01', 'JH0010006'),
	(170, 'added service ::JH0010007', 'JH_operator_1', '2016-03-17 11:50:35', 'JH0010007'),
	(171, 'added service ::JH0010008', 'JH_operator_1', '2016-03-17 12:02:50', 'JH0010008'),
	(172, 'added service ::JH0010009', 'JH_operator_1', '2016-03-17 12:12:23', 'JH0010009'),
	(173, 'added service ::JH0010010', 'JH_operator_1', '2016-03-17 12:18:47', 'JH0010010'),
	(174, 'approved service by reviewer  ::CH0000004', 'CH_reviewer_2', '2016-03-17 14:07:00', 'CH0000004'),
	(175, 'approved service by reviewer  ::CH0000003', 'CH_reviewer_2', '2016-03-17 14:07:09', 'CH0000003'),
	(176, 'approved service by reviewer  ::CH0000002', 'CH_reviewer_2', '2016-03-17 14:07:21', 'CH0000002'),
	(177, 'approved service by reviewer  ::CH0010002', 'CH_reviewer_2', '2016-03-17 14:07:41', 'CH0010002'),
	(178, 'approved service by reviewer  ::CH0010001', 'CH_reviewer_2', '2016-03-17 14:07:52', 'CH0010001'),
	(179, 'approved service by reviewer  ::CH0000008', 'CH_reviewer_2', '2016-03-17 14:08:03', 'CH0000008'),
	(180, 'approved service by reviewer  ::CH0000007', 'CH_reviewer_2', '2016-03-17 14:08:10', 'CH0000007'),
	(181, 'Rejected service ::CH0000006', 'CH_reviewer_2', '2016-03-17 14:08:32', 'CH0000006'),
	(182, 'Rejected service ::CH0000005', 'CH_reviewer_2', '2016-03-17 14:08:39', 'CH0000005'),
	(183, 'Service updated by  ::CH0000006', 'CH_operator_2', '2016-03-17 14:45:34', 'CH0000006'),
	(184, 'Service updated by  ::CH0000005', 'CH_operator_2', '2016-03-17 14:47:56', 'CH0000005'),
	(185, 'approved service by reviewer  ::CH0000005', 'CH_reviewer_2', '2016-03-17 14:50:37', 'CH0000005'),
	(186, 'approved service by reviewer  ::CH0000006', 'CH_reviewer_2', '2016-03-17 14:50:43', 'CH0000006'),
	(187, 'approved service by reviewer  ::CH0000001', 'CH_reviewer_2', '2016-03-17 14:52:21', 'CH0000001'),
	(188, 'Approved service ::CH0000005', 'CH_officer_1', '2016-03-17 14:56:23', 'CH0000005'),
	(189, 'Approved service ::CH0000006', 'CH_officer_1', '2016-03-17 14:56:31', 'CH0000006'),
	(190, 'Approved service ::CH0000004', 'CH_officer_1', '2016-03-17 14:56:38', 'CH0000004'),
	(191, 'Approved service ::CH0000003', 'CH_officer_1', '2016-03-17 14:56:43', 'CH0000003'),
	(192, 'Approved service ::CH0000002', 'CH_officer_1', '2016-03-17 14:56:51', 'CH0000002'),
	(193, 'Approved service ::CH0000001', 'CH_officer_1', '2016-03-17 14:56:55', 'CH0000001'),
	(194, 'Approved service ::CH0010002', 'CH_officer_1', '2016-03-17 14:57:00', 'CH0010002'),
	(195, 'Approved service ::CH0010001', 'CH_officer_1', '2016-03-17 14:57:07', 'CH0010001'),
	(196, 'Service updated by  ::CH0000008', 'CH_operator_2', '2016-03-17 15:00:32', 'CH0000008'),
	(197, 'Service updated by  ::CH0000007', 'CH_operator_2', '2016-03-17 15:00:41', 'CH0000007'),
	(198, 'approved service by reviewer  ::CH0000007', 'CH_reviewer_2', '2016-03-17 15:03:07', 'CH0000007'),
	(199, 'approved service by reviewer  ::CH0000008', 'CH_reviewer_2', '2016-03-17 15:03:17', 'CH0000008'),
	(200, 'Approved service ::CH0000007', 'CH_officer_1', '2016-03-17 15:04:25', 'CH0000007'),
	(201, 'Approved service ::CH0000008', 'CH_officer_1', '2016-03-17 15:04:30', 'CH0000008'),
	(202, 'approved service by reviewer  ::JH0010010', 'JH_reviewer_1', '2016-03-17 16:01:27', 'JH0010010'),
	(203, 'approved service by reviewer  ::JH0010009', 'JH_reviewer_1', '2016-03-17 16:01:32', 'JH0010009'),
	(204, 'approved service by reviewer  ::JH0010008', 'JH_reviewer_1', '2016-03-17 16:01:37', 'JH0010008'),
	(205, 'approved service by reviewer  ::JH0010007', 'JH_reviewer_1', '2016-03-17 16:01:41', 'JH0010007'),
	(206, 'approved service by reviewer  ::JH0010006', 'JH_reviewer_1', '2016-03-17 16:01:44', 'JH0010006'),
	(207, 'approved service by reviewer  ::JH0010005', 'JH_reviewer_1', '2016-03-17 16:01:50', 'JH0010005'),
	(208, 'approved service by reviewer  ::JH0010004', 'JH_reviewer_1', '2016-03-17 16:01:55', 'JH0010004'),
	(209, 'approved service by reviewer  ::JH0010002', 'JH_reviewer_1', '2016-03-17 16:02:01', 'JH0010002'),
	(210, 'approved service by reviewer  ::JH0010001', 'JH_reviewer_1', '2016-03-17 16:02:06', 'JH0010001'),
	(211, 'Approved service ::JH0010010', 'JH_officer_1', '2016-03-17 16:04:02', 'JH0010010'),
	(212, 'Approved service ::JH0010009', 'JH_officer_1', '2016-03-17 16:04:07', 'JH0010009'),
	(213, 'Approved service ::JH0010008', 'JH_officer_1', '2016-03-17 16:04:19', 'JH0010008'),
	(214, 'Approved service ::JH0010007', 'JH_officer_1', '2016-03-17 16:04:24', 'JH0010007'),
	(215, 'Approved service ::JH0010006', 'JH_officer_1', '2016-03-17 16:04:31', 'JH0010006'),
	(216, 'Approved service ::JH0010005', 'JH_officer_1', '2016-03-17 16:04:36', 'JH0010005'),
	(217, 'Approved service ::JH0010004', 'JH_officer_1', '2016-03-17 16:04:39', 'JH0010004'),
	(218, 'Approved service ::JH0010002', 'JH_officer_1', '2016-03-17 16:04:44', 'JH0010002'),
	(219, 'Approved service ::JH0010001', 'JH_officer_1', '2016-03-17 16:04:52', 'JH0010001'),
	(220, 'approved service by reviewer  ::JK0010005', 'JK_reviewer_1', '2016-03-17 16:06:02', 'JK0010005'),
	(221, 'approved service by reviewer  ::JK0010004', 'JK_reviewer_1', '2016-03-17 16:06:07', 'JK0010004'),
	(222, 'approved service by reviewer  ::JK0010003', 'JK_reviewer_1', '2016-03-17 16:06:11', 'JK0010003'),
	(223, 'approved service by reviewer  ::JK0010002', 'JK_reviewer_1', '2016-03-17 16:06:14', 'JK0010002'),
	(224, 'Approved service ::JK0010005', 'JK_officer_1', '2016-03-17 16:15:06', 'JK0010005'),
	(225, 'Approved service ::JK0010004', 'JK_officer_1', '2016-03-17 16:15:11', 'JK0010004'),
	(226, 'Approved service ::JK0010003', 'JK_officer_1', '2016-03-17 16:15:16', 'JK0010003'),
	(227, 'Approved service ::JK0010002', 'JK_officer_1', '2016-03-17 16:15:20', 'JK0010002'),
	(228, 'added service ::JH0010011', 'JH_operator_1', '2016-03-18 09:53:19', 'JH0010011'),
	(229, 'added service ::JH0010012', 'JH_operator_1', '2016-03-18 09:59:06', 'JH0010012'),
	(230, 'approved service by reviewer  ::JH0010003', 'JH_reviewer_1', '2016-03-18 10:02:48', 'JH0010003'),
	(231, 'Approved service ::JH0010003', 'JH_officer_1', '2016-03-18 10:03:09', 'JH0010003'),
	(232, 'approved service by reviewer  ::JK0010001', 'JK_reviewer_1', '2016-03-18 10:04:32', 'JK0010001'),
	(233, 'Approved service ::JK0010001', 'JK_officer_1', '2016-03-18 10:04:51', 'JK0010001'),
	(234, 'language added ::Chatti', 'CH_officer_1', '2016-03-18 10:42:23', 'Chatti'),
	(235, 'language added ::Jharkhandi', 'JH_officer_1', '2016-03-18 10:49:55', 'Jharkhandi'),
	(236, 'language added ::asdasdasadsada', 'JH_officer_1', '2016-03-18 10:54:15', 'asdasdasadsada'),
	(237, 'language added ::adsad', 'JH_officer_1', '2016-03-18 10:57:08', 'adsad'),
	(238, 'language added ::aaaaaaaaaaaaaaaaaaaaaaa', 'JH_officer_1', '2016-03-18 10:58:27', 'aaaaaaaaaaaaaaaaaaaaaaa'),
	(239, 'language added ::English', 'JH_officer_1', '2016-03-18 11:39:43', 'English'),
	(240, 'Approved service ::JH0010003', 'JH_officer_1', '2016-03-18 13:41:42', 'JH0010003'),
	(241, 'approved service by reviewer  ::JH0010012', 'JH_reviewer_1', '2016-03-18 13:43:39', 'JH0010012'),
	(242, 'Approved service ::JH0010003', 'JH_officer_1', '2016-03-18 13:46:27', 'JH0010003'),
	(243, 'Approved service ::JH0010003', 'JH_officer_1', '2016-03-18 13:49:17', 'JH0010003'),
	(244, 'Approved service ::JH0010003', 'JH_officer_1', '2016-03-18 13:53:50', 'JH0010003'),
	(245, 'Approved service ::JH0010003', 'JH_officer_1', '2016-03-18 14:15:52', 'JH0010003'),
	(246, 'Approved service ::JH0010003', 'JH_officer_1', '2016-03-18 14:18:18', 'JH0010003'),
	(247, 'Approved service ::JH0010003', 'JH_officer_1', '2016-03-18 14:19:39', 'JH0010003'),
	(248, 'Approved service ::JH0010003', 'JH_officer_1', '2016-03-18 14:23:27', 'JH0010003'),
	(249, 'Approved service ::JH0010003', 'JH_officer_1', '2016-03-18 14:26:30', 'JH0010003'),
	(250, 'Approved service ::JH0010003', 'JH_officer_1', '2016-03-18 14:32:16', 'JH0010003'),
	(251, 'Approved service ::JH0010003', 'JH_officer_1', '2016-03-18 14:36:28', 'JH0010003'),
	(252, 'Approved service ::JH0010003', 'JH_officer_1', '2016-03-18 14:37:42', 'JH0010003'),
	(253, 'Approved service ::JH0010003', 'JH_officer_1', '2016-03-18 14:39:06', 'JH0010003'),
	(254, 'Approved service ::JH0010003', 'JH_officer_1', '2016-03-18 14:43:08', 'JH0010003'),
	(255, 'Approved service ::JH0010003', 'JH_officer_1', '2016-03-18 14:46:03', 'JH0010003'),
	(256, 'Approved service ::JH0010012', 'JH_officer_1', '2016-03-18 15:06:50', 'JH0010012'),
	(257, 'Approved service ::JH0010012', 'JH_officer_1', '2016-03-18 15:52:55', 'JH0010012'),
	(258, 'Service updated by  ::JH0010003', 'JH_operator_1', '2016-03-18 15:56:13', 'JH0010003'),
	(259, 'approved service by reviewer  ::JH0010003', 'JH_reviewer_1', '2016-03-18 15:56:54', 'JH0010003'),
	(260, 'Approved service ::JH0010003', 'JH_officer_1', '2016-03-18 15:57:17', 'JH0010003'),
	(261, 'added service ::JH0010013', 'JH_operator_1', '2016-03-18 15:59:11', 'JH0010013'),
	(262, 'approved service by reviewer  ::JH0010013', 'JH_reviewer_1', '2016-03-18 16:00:02', 'JH0010013'),
	(263, 'Approved service ::JH0010013', 'JH_officer_1', '2016-03-18 16:00:10', 'JH0010013'),
	(264, 'added service ::JH0010014', 'JH_operator_1', '2016-03-18 16:14:13', 'JH0010014'),
	(265, 'approved service by reviewer  ::JH0010014', 'JH_reviewer_1', '2016-03-18 16:14:37', 'JH0010014'),
	(266, 'Approved service ::JH0010014', 'JH_officer_1', '2016-03-18 16:14:49', 'JH0010014'),
	(267, 'added service ::JH0010013', 'JH_operator_1', '2016-03-18 16:33:00', 'JH0010013'),
	(268, 'approved service by reviewer  ::JH0010013', 'JH_reviewer_1', '2016-03-18 16:34:09', 'JH0010013'),
	(269, 'Approved service ::JH0010013', 'JH_officer_1', '2016-03-18 16:34:19', 'JH0010013'),
	(270, 'added service ::JH0010014', 'JH_operator_1', '2016-03-18 16:39:51', 'JH0010014'),
	(271, 'added service ::JH0010015', 'JH_operator_1', '2016-03-18 16:43:00', 'JH0010015'),
	(272, 'added service ::JH0010016', 'JH_operator_1', '2016-03-18 16:44:05', 'JH0010016'),
	(273, 'added service ::JH0010017', 'JH_operator_1', '2016-03-18 16:49:28', 'JH0010017'),
	(274, 'added service ::JH0010018', 'JH_operator_1', '2016-03-18 16:51:12', 'JH0010018'),
	(275, 'added service ::JH0010019', 'JH_operator_1', '2016-03-18 17:06:00', 'JH0010019'),
	(276, 'approved service by reviewer  ::JH0010019', 'JH_reviewer_1', '2016-03-18 17:07:10', 'JH0010019'),
	(277, 'Approved service ::JH0010019', 'JH_officer_1', '2016-03-18 17:07:23', 'JH0010019'),
	(278, 'department added ::Test Department', 'CH_officer_1', '2016-03-18 20:25:56', 'Test Department'),
	(279, 'department added ::Test1 Department', 'CH_officer_1', '2016-03-18 20:34:32', 'Test1 Department'),
	(280, 'added service ::JH0010020', 'JH_operator_1', '2016-03-21 09:48:38', 'JH0010020'),
	(281, 'added service ::JH0010021', 'JH_operator_1', '2016-03-21 09:51:46', 'JH0010021'),
	(282, 'added service ::JH0010022', 'JH_operator_1', '2016-03-21 09:54:11', 'JH0010022'),
	(283, 'approved service by reviewer  ::JH0010022', 'JH_reviewer_1', '2016-03-21 09:54:34', 'JH0010022'),
	(284, 'Approved service ::JH0010022', 'JH_officer_1', '2016-03-21 09:54:57', 'JH0010022'),
	(285, 'added service ::JH0010023', 'JH_operator_1', '2016-03-21 10:06:49', 'JH0010023'),
	(286, 'added service ::JH0010024', 'JH_operator_1', '2016-03-21 10:13:47', 'JH0010024'),
	(287, 'approved service by reviewer  ::JH0010024', 'JH_reviewer_1', '2016-03-21 10:14:10', 'JH0010024'),
	(288, 'Approved service ::JH0010024', 'JH_officer_1', '2016-03-21 10:14:34', 'JH0010024'),
	(289, 'Approved service ::JH0010024', 'JH_officer_1', '2016-03-21 10:21:21', 'JH0010024'),
	(290, 'Approved service ::JH0010024', 'JH_officer_1', '2016-03-21 10:21:23', 'JH0010024'),
	(291, 'Approved service ::JH0010024', 'JH_officer_1', '2016-03-21 10:21:23', 'JH0010024'),
	(292, 'Approved service ::JH0010024', 'JH_officer_1', '2016-03-21 10:21:23', 'JH0010024'),
	(293, 'Approved service ::JH0010024', 'JH_officer_1', '2016-03-21 10:21:24', 'JH0010024'),
	(294, 'Approved service ::JH0010024', 'JH_officer_1', '2016-03-21 10:21:24', 'JH0010024'),
	(295, 'Approved service ::JH0010024', 'JH_officer_1', '2016-03-21 10:21:24', 'JH0010024'),
	(296, 'Approved service ::JH0010024', 'JH_officer_1', '2016-03-21 10:21:24', 'JH0010024'),
	(297, 'Approved service ::JH0010024', 'JH_officer_1', '2016-03-21 10:21:24', 'JH0010024'),
	(298, 'Approved service ::JH0010024', 'JH_officer_1', '2016-03-21 10:21:24', 'JH0010024'),
	(299, 'Approved service ::JH0010024', 'JH_officer_1', '2016-03-21 10:21:25', 'JH0010024'),
	(300, 'Approved service ::JH0010024', 'JH_officer_1', '2016-03-21 10:21:25', 'JH0010024'),
	(301, 'Approved service ::JH0010024', 'JH_officer_1', '2016-03-21 10:21:25', 'JH0010024'),
	(302, 'Approved service ::JH0010024', 'JH_officer_1', '2016-03-21 10:33:25', 'JH0010024'),
	(303, 'Approved service ::JH0010024', 'JH_officer_1', '2016-03-21 10:35:57', 'JH0010024'),
	(304, 'Approved service ::JH0010024', 'JH_officer_1', '2016-03-21 10:40:27', 'JH0010024'),
	(305, 'added service ::JH0010025', 'JH_operator_1', '2016-03-21 10:50:52', 'JH0010025'),
	(306, 'approved service by reviewer  ::JH0010025', 'JH_reviewer_1', '2016-03-21 10:52:29', 'JH0010025'),
	(307, 'Approved service ::JH0010025', 'JH_officer_1', '2016-03-21 10:52:40', 'JH0010025'),
	(308, 'added service ::JH0010026', 'JH_operator_1', '2016-03-21 10:54:39', 'JH0010026'),
	(309, 'approved service by reviewer  ::JH0010026', 'JH_reviewer_1', '2016-03-21 10:55:08', 'JH0010026'),
	(310, 'Approved service ::JH0010026', 'JH_officer_1', '2016-03-21 10:55:18', 'JH0010026'),
	(311, 'added service ::JH0010027', 'JH_operator_1', '2016-03-21 11:15:36', 'JH0010027'),
	(312, 'approved service by reviewer  ::JH0010027', 'JH_reviewer_1', '2016-03-21 11:16:38', 'JH0010027'),
	(313, 'Approved service ::JH0010027', 'JH_officer_1', '2016-03-21 11:16:50', 'JH0010027'),
	(314, 'Approved service ::JH0010024', 'JH_officer_1', '2016-03-21 11:23:35', 'JH0010024'),
	(315, 'Approved service ::JH0010024', 'JH_officer_1', '2016-03-21 11:23:37', 'JH0010024'),
	(316, 'Approved service ::JH0010024', 'JH_officer_1', '2016-03-21 11:23:37', 'JH0010024'),
	(317, 'Approved service ::JH0010024', 'JH_officer_1', '2016-03-21 11:23:37', 'JH0010024'),
	(318, 'Approved service ::JH0010024', 'JH_officer_1', '2016-03-21 11:23:37', 'JH0010024'),
	(319, 'Approved service ::JH0010024', 'JH_officer_1', '2016-03-21 11:23:37', 'JH0010024'),
	(320, 'Approved service ::JH0010027', 'JH_officer_1', '2016-03-21 11:24:46', 'JH0010027'),
	(321, 'Approved service ::JH0010027', 'JH_officer_1', '2016-03-21 11:24:48', 'JH0010027'),
	(322, 'Approved service ::JH0010027', 'JH_officer_1', '2016-03-21 11:24:48', 'JH0010027'),
	(323, 'added service ::JH0010028', 'JH_operator_1', '2016-03-21 11:32:30', 'JH0010028'),
	(324, 'approved service by reviewer  ::JH0010028', 'JH_reviewer_1', '2016-03-21 11:33:14', 'JH0010028'),
	(325, 'Approved service ::JH0010028', 'JH_officer_1', '2016-03-21 11:33:25', 'JH0010028'),
	(326, 'Approved service ::JH0010028', 'JH_officer_1', '2016-03-21 11:33:30', 'JH0010028'),
	(327, 'Approved service ::JH0010028', 'JH_officer_1', '2016-03-21 11:33:30', 'JH0010028'),
	(328, 'Approved service ::JH0010028', 'JH_officer_1', '2016-03-21 11:33:31', 'JH0010028'),
	(329, 'Approved service ::JH0010028', 'JH_officer_1', '2016-03-21 11:33:31', 'JH0010028'),
	(330, 'Approved service ::JH0010028', 'JH_officer_1', '2016-03-21 11:33:31', 'JH0010028'),
	(331, 'added service ::JH0010029', 'JH_operator_1', '2016-03-21 11:38:18', 'JH0010029'),
	(332, 'approved service by reviewer  ::JH0010029', 'JH_reviewer_1', '2016-03-21 11:38:42', 'JH0010029'),
	(333, 'Approved service ::JH0010029', 'JH_officer_1', '2016-03-21 11:38:54', 'JH0010029'),
	(334, 'Approved service ::JH0010029', 'JH_officer_1', '2016-03-21 11:38:59', 'JH0010029'),
	(335, 'Approved service ::JH0010029', 'JH_officer_1', '2016-03-21 11:38:59', 'JH0010029'),
	(336, 'Approved service ::JH0010029', 'JH_officer_1', '2016-03-21 11:38:59', 'JH0010029'),
	(337, 'Approved service ::JH0010029', 'JH_officer_1', '2016-03-21 11:38:59', 'JH0010029'),
	(338, 'Approved service ::JH0010029', 'JH_officer_1', '2016-03-21 11:38:59', 'JH0010029'),
	(339, 'Approved service ::JH0010029', 'JH_officer_1', '2016-03-21 11:38:59', 'JH0010029'),
	(340, 'Approved service ::JH0010029', 'JH_officer_1', '2016-03-21 11:40:08', 'JH0010029'),
	(341, 'Approved service ::JH0010029', 'JH_officer_1', '2016-03-21 11:41:25', 'JH0010029'),
	(342, 'Approved service ::JH0010029', 'JH_officer_1', '2016-03-21 11:43:19', 'JH0010029'),
	(343, 'Approved service ::JH0010029', 'JH_officer_1', '2016-03-21 11:48:35', 'JH0010029'),
	(344, 'Approved service ::JH0010029', 'JH_officer_1', '2016-03-21 11:57:44', 'JH0010029'),
	(345, 'Approved service ::JH0010029', 'JH_officer_1', '2016-03-21 12:04:36', 'JH0010029'),
	(346, 'Approved service ::JH0010029', 'JH_officer_1', '2016-03-21 12:06:36', 'JH0010029'),
	(347, 'Approved service ::JH0010029', 'JH_officer_1', '2016-03-21 12:12:25', 'JH0010029'),
	(348, 'Approved service ::JH0010029', 'JH_officer_1', '2016-03-21 12:18:16', 'JH0010029'),
	(349, 'Approved service ::JH0010029', 'JH_officer_1', '2016-03-21 12:24:18', 'JH0010029'),
	(350, 'Approved service ::JH0010029', 'JH_officer_1', '2016-03-21 12:24:21', 'JH0010029'),
	(351, 'Approved service ::JH0010029', 'JH_officer_1', '2016-03-21 12:24:21', 'JH0010029'),
	(352, 'Approved service ::JH0010029', 'JH_officer_1', '2016-03-21 12:24:21', 'JH0010029'),
	(353, 'Approved service ::JH0010029', 'JH_officer_1', '2016-03-21 12:24:22', 'JH0010029'),
	(354, 'Approved service ::JH0010029', 'JH_officer_1', '2016-03-21 12:24:22', 'JH0010029'),
	(355, 'Approved service ::JH0010029', 'JH_officer_1', '2016-03-21 12:26:42', 'JH0010029'),
	(356, 'Approved service ::JH0010029', 'JH_officer_1', '2016-03-21 12:26:43', 'JH0010029'),
	(357, 'Approved service ::JH0010029', 'JH_officer_1', '2016-03-21 12:26:43', 'JH0010029'),
	(358, 'Approved service ::JH0010029', 'JH_officer_1', '2016-03-21 12:26:43', 'JH0010029'),
	(359, 'Approved service ::JH0010029', 'JH_officer_1', '2016-03-21 12:26:43', 'JH0010029'),
	(360, 'Approved service ::JH0010029', 'JH_officer_1', '2016-03-21 12:26:44', 'JH0010029'),
	(361, 'Approved service ::JH0010029', 'JH_officer_1', '2016-03-21 12:26:44', 'JH0010029'),
	(362, 'Approved service ::JH0010029', 'JH_officer_1', '2016-03-21 12:26:44', 'JH0010029'),
	(363, 'Approved service ::JH0010029', 'JH_officer_1', '2016-03-21 12:26:44', 'JH0010029'),
	(364, 'added service ::JH0010030', 'JH_operator_1', '2016-03-21 12:32:29', 'JH0010030'),
	(365, 'approved service by reviewer  ::JH0010030', 'JH_reviewer_1', '2016-03-21 12:32:49', 'JH0010030'),
	(366, 'Approved service ::JH0010030', 'JH_officer_1', '2016-03-21 12:33:01', 'JH0010030'),
	(367, 'added service ::JH0010031', 'JH_operator_1', '2016-03-21 12:34:55', 'JH0010031'),
	(368, 'approved service by reviewer  ::JH0010031', 'JH_reviewer_1', '2016-03-21 12:35:13', 'JH0010031'),
	(369, 'Approved service ::JH0010031', 'JH_officer_1', '2016-03-21 12:35:33', 'JH0010031'),
	(370, 'Approved service ::JH0010003', 'JH_officer_1', '2016-03-21 12:40:10', 'JH0010003'),
	(371, 'Approved service ::JH0010010', 'JH_officer_1', '2016-03-21 12:42:56', 'JH0010010'),
	(372, 'Approved service ::JH0010010', 'JH_officer_1', '2016-03-21 12:57:37', 'JH0010010'),
	(373, 'language added ::Hindi', 'JH_officer_1', '2016-03-21 12:59:10', 'Hindi'),
	(374, 'deleted service ::', 'JH_officer_1', '2016-03-21 13:02:19', ''),
	(375, 'deleted service ::', 'JH_officer_1', '2016-03-21 13:02:28', ''),
	(376, 'deleted service ::', 'JH_officer_1', '2016-03-21 13:33:36', ''),
	(377, 'deleted service ::', 'JH_officer_1', '2016-03-21 13:34:20', ''),
	(378, 'deleted service ::', 'jh_officer_1', '2016-03-21 13:34:51', ''),
	(379, 'deleted service ::', 'jh_officer_1', '2016-03-21 13:38:24', ''),
	(380, 'deleted service ::', 'jh_officer_1', '2016-03-21 13:39:44', ''),
	(381, 'deleted service ::', 'JH_officer_1', '2016-03-21 13:40:11', ''),
	(382, 'deleted service ::', 'JH_officer_1', '2016-03-21 13:40:21', ''),
	(383, 'deleted service ::JH0010010', 'jh_officer_1', '2016-03-21 13:42:01', 'JH0010010'),
	(384, 'added service ::JH0010011', 'JH_operator_1', '2016-03-21 13:51:37', 'JH0010011'),
	(385, 'approved service by reviewer  ::JH0010011', 'JH_reviewer_1', '2016-03-21 13:52:00', 'JH0010011'),
	(386, 'Approved service ::JH0010011', 'JH_officer_1', '2016-03-21 13:52:07', 'JH0010011'),
	(387, 'Approved service ::JH0010011', 'JH_officer_1', '2016-03-21 13:56:46', 'JH0010011'),
	(388, 'added service ::JH0010010', 'JH_operator_1', '2016-03-21 14:04:56', 'JH0010010'),
	(389, 'approved service by reviewer  ::JH0010010', 'JH_reviewer_1', '2016-03-21 14:05:14', 'JH0010010'),
	(390, 'Approved service ::JH0010010', 'JH_officer_1', '2016-03-21 14:05:27', 'JH0010010'),
	(391, 'deleted service ::JH0010010', 'jh_officer_1', '2016-03-21 14:07:04', 'JH0010010'),
	(392, 'Approved service ::CH0000005', 'CH_officer_1', '2016-03-21 14:07:49', 'CH0000005'),
	(393, 'Approved service ::JH0010010', 'jh_officer_1', '2016-03-21 14:27:40', 'JH0010010'),
	(394, 'Approved service ::JH0010010', 'jh_officer_1', '2016-03-21 14:57:59', 'JH0010010'),
	(395, 'Approved service ::JH0010010', 'jh_officer_1', '2016-03-21 15:02:37', 'JH0010010'),
	(396, 'added service ::CH0010003', 'CH_operator_2', '2016-03-21 16:40:36', 'CH0010003'),
	(397, 'Rejected service ::CH0010003', 'CH_reviewer_2', '2016-03-21 16:41:08', 'CH0010003'),
	(398, 'Approved service ::JH0010010', 'JH_officer_1', '2016-03-22 10:02:01', 'JH0010010'),
	(399, 'Approved service ::JH0010010', 'JH_officer_1', '2016-03-22 10:09:10', 'JH0010010'),
	(400, 'Approved service ::JH0010010', 'JH_officer_1', '2016-03-22 10:25:45', 'JH0010010'),
	(401, 'Approved service ::JH0010010', 'JH_officer_1', '2016-03-22 10:29:52', 'JH0010010'),
	(402, 'Approved service ::JH0010010', 'JH_officer_1', '2016-03-22 10:31:47', 'JH0010010'),
	(403, 'Approved service ::JH0010010', 'JH_officer_1', '2016-03-22 10:38:07', 'JH0010010'),
	(404, 'Approved service ::JH0010010', 'JH_officer_1', '2016-03-22 10:40:02', 'JH0010010'),
	(405, 'Approved service ::JH0010010', 'JH_officer_1', '2016-03-22 10:42:06', 'JH0010010'),
	(406, 'department added ::Transport Service', 'JH_officer_1', '2016-03-23 10:46:18', 'Transport Service'),
	(407, 'added service ::JH0010011', 'JH_operator_1', '2016-03-23 10:49:13', 'JH0010011'),
	(408, 'Rejected service ::JH0010011', 'JH_reviewer_1', '2016-03-23 10:49:30', 'JH0010011');
/*!40000 ALTER TABLE `service_log` ENABLE KEYS */;


-- Dumping structure for table sampark_cnf1.service_status
CREATE TABLE IF NOT EXISTS `service_status` (
  `operator_id` varchar(20) DEFAULT NULL,
  `Status` varchar(35) DEFAULT NULL,
  `service_name` varchar(200) DEFAULT NULL,
  `Submitted_services` blob,
  `Officer_id` varchar(20) DEFAULT NULL,
  `Submitted_date` varchar(25) DEFAULT NULL,
  `Approved_date` varchar(25) DEFAULT NULL,
  `Remark` varchar(60) DEFAULT NULL,
  `Rejected_date` varchar(25) DEFAULT NULL,
  `service_id` varchar(25) DEFAULT NULL,
  `procedure_doc` text,
  `error` varchar(50) DEFAULT NULL,
  `reviewer_id` varchar(30) NOT NULL,
  `contact` varchar(100) DEFAULT NULL,
  UNIQUE KEY `service_id` (`service_id`)
) ENGINE=InnoDB DEFAULT CHARSET=latin1;

-- Dumping data for table sampark_cnf1.service_status: ~15 rows (approximately)
/*!40000 ALTER TABLE `service_status` DISABLE KEYS */;
INSERT INTO `service_status` (`operator_id`, `Status`, `service_name`, `Submitted_services`, `Officer_id`, `Submitted_date`, `Approved_date`, `Remark`, `Rejected_date`, `service_id`, `procedure_doc`, `error`, `reviewer_id`, `contact`) VALUES
	('Ch_d6e65d', 'Approved by Officer', 'Issue Domicile Certificate', _binary 0x3C3F786D6C2076657273696F6E3D22312E30223F3E3C73657276696365733E0A3C4465706172746D656E74206E616D653D224348303030223E0A3C73657276696365206E616D653D22497373756520446F6D6963696C65204365727469666963617465223E0A3C63617465676F7279206E616D653D22756E646566696E6564223E0A3C646F63756D656E743E0A0A3C646F63756D656E745F696E666F3E0A0A20203C6170706C696361626C655F646F63756D656E743E0A2020204365727469666963617465202F4469706C6F6D6120696E20546563686E6963616C205375626A656374730A20203C2F6170706C696361626C655F646F63756D656E743E0A0A20203C6D616E6461746F72793E0A2020205965730A20203C2F6D616E6461746F72793E0A0A3C2F646F63756D656E745F696E666F3E0A0A3C646F63756D656E745F696E666F3E0A0A20203C6170706C696361626C655F646F63756D656E743E0A2020204C616E6420616E6420486F7573652054617820526563656970740A20203C2F6170706C696361626C655F646F63756D656E743E0A0A20203C6D616E6461746F72793E0A2020204E6F0A20203C2F6D616E6461746F72793E0A0A3C2F646F63756D656E745F696E666F3E0A0A3C646F63756D656E745F696E666F3E0A0A20203C6170706C696361626C655F646F63756D656E743E0A202020486967686572205365636F6E64617279205363686F6F6C2043657274696669636174652831327468290A20203C2F6170706C696361626C655F646F63756D656E743E0A0A20203C6D616E6461746F72793E0A2020205965730A20203C2F6D616E6461746F72793E0A0A3C2F646F63756D656E745F696E666F3E0A0A3C646F63756D656E745F696E666F3E0A0A20203C6170706C696361626C655F646F63756D656E743E0A20202048696768205363686F6F6C2831307468292043657274696669636174650A20203C2F6170706C696361626C655F646F63756D656E743E0A0A20203C6D616E6461746F72793E0A2020205965730A20203C2F6D616E6461746F72793E0A0A3C2F646F63756D656E745F696E666F3E0A0A3C646F63756D656E745F696E666F3E0A0A20203C6170706C696361626C655F646F63756D656E743E0A202020526174696F6E20436172640A20203C2F6170706C696361626C655F646F63756D656E743E0A0A20203C6D616E6461746F72793E0A2020205965730A20203C2F6D616E6461746F72793E0A0A3C2F646F63756D656E745F696E666F3E0A0A3C646F63756D656E745F696E666F3E0A0A20203C6170706C696361626C655F646F63756D656E743E0A20202041616468617220436172640A20203C2F6170706C696361626C655F646F63756D656E743E0A0A20203C6D616E6461746F72793E0A2020200A20203C2F6D616E6461746F72793E0A0A3C2F646F63756D656E745F696E666F3E0A0A3C646F63756D656E745F696E666F3E0A0A20203C6170706C696361626C655F646F63756D656E743E0A202020566F74696E6720436172640A20203C2F6170706C696361626C655F646F63756D656E743E0A0A20203C6D616E6461746F72793E0A2020200A20203C2F6D616E6461746F72793E0A0A3C2F646F63756D656E745F696E666F3E0A0A3C2F646F63756D656E743E0A200A3C656C69676962696C6974793E0A2020204170706C6963616E74206D7573742062652061207265736964656E74206F66204368686174746973676172680A203C2F656C69676962696C6974793E0A203C6665653E0A20202031352E30302F2D205253200A3C2F6665653E0A203C53756D6D6172793E0A202020546869732043657274696669636174652069732072657175697265642061732070726F6F66206F66207265736964656E636520746F20617661696C205265736964656E6365202F205265736964656E742051756F74617320696E20656475636174696F6E616C20696E737469747574696F6E7320616E6420696E2074686520476F7665726E6D656E7420536572766963652C20616E6420616C736F20696E2063617365206F66206A6F6273207768657265206C6F63616C207265736964656E747320617265207072656665727265642E200A3C2F53756D6D6172793E0A203C6C616E67756167653E0A202020456E676C697368200A3C2F6C616E67756167653E0A203C65787065637465645F64656C69766572795F646174653E0A202020596F752073686F756C642062652067657474696E67206120726573706F6E7365206E6F726D616C6C792077697468696E203135206461797320200A3C2F65787065637465645F64656C69766572795F646174653E0A200A3C2F63617465676F72793E0A200A3C2F736572766963653E0A200A3C2F4465706172746D656E743E0A3C2F73657276696365733E0A, 'Off_Ch_844a4e', '03-16-16 12:03:21 pm', '03-17-16 02:56:43 pm', 'All details are correct', NULL, 'CH0000001', 'uploads/61364-domicile.docx', NULL, 'Ch_68812f', 'Not Available'),
	('Ch_d6e65d', 'Approved by Officer', 'Issue Birth Certificate', _binary 0x3C3F786D6C2076657273696F6E3D22312E30223F3E3C73657276696365733E0A3C4465706172746D656E74206E616D653D224348303030223E0A3C73657276696365206E616D653D224973737565204269727468204365727469666963617465223E0A3C63617465676F7279206E616D653D22756E646566696E6564223E0A3C646F63756D656E743E0A0A3C646F63756D656E745F696E666F3E0A0A20203C6170706C696361626C655F646F63756D656E743E0A202020426972746820696E666F726D6174696F6E20666F726D0A20203C2F6170706C696361626C655F646F63756D656E743E0A0A20203C6D616E6461746F72793E0A2020205965730A20203C2F6D616E6461746F72793E0A0A3C2F646F63756D656E745F696E666F3E0A0A3C646F63756D656E745F696E666F3E0A0A20203C6170706C696361626C655F646F63756D656E743E0A20202054656873696C646172204F726465720A20203C2F6170706C696361626C655F646F63756D656E743E0A0A20203C6D616E6461746F72793E0A2020205965730A20203C2F6D616E6461746F72793E0A0A3C2F646F63756D656E745F696E666F3E0A0A3C646F63756D656E745F696E666F3E0A0A20203C6170706C696361626C655F646F63756D656E743E0A202020524556454E5545204F5244455220534845455420495353554544204259204D414749535452415445204F4620464952535420434C415353204F5220414E20455845435554495645204D414749535452415445204F5220412054454853494C4441522028494E2043415345204F462044454C4159454420524547495354524154494F4E290A20203C2F6170706C696361626C655F646F63756D656E743E0A0A20203C6D616E6461746F72793E0A2020205965730A20203C2F6D616E6461746F72793E0A0A3C2F646F63756D656E745F696E666F3E0A0A3C646F63756D656E745F696E666F3E0A0A20203C6170706C696361626C655F646F63756D656E743E0A202020416666696461766974206F7220446973747269637420526567697374726172206F726465720A20203C2F6170706C696361626C655F646F63756D656E743E0A0A20203C6D616E6461746F72793E0A2020205965730A20203C2F6D616E6461746F72793E0A0A3C2F646F63756D656E745F696E666F3E0A0A3C2F646F63756D656E743E0A200A3C656C69676962696C6974793E0A202020312E094D756E69636970616C20436F72706F726174696F6E2F4D756E69636970616C74792F546F776E2050616E63686179617420646F6573206E6F742072656769737465722065766572792042697274682E2054686520426972746873206F63637572726564206F6E6C7920696E20746865206A7572697364696374696F6E2061726561206F66204D756E69636970616C20436F72706F726174696F6E2F4D756E69636970616C74792F546F776E2050616E636861796174206265207265676973746572656420756E64657220746869732E200A322E0954686973206365727469666963617465206F66204269727468206973206F627461696E656420776974682074686520526567697374726172207065726D697373696F6E206966206F636375727265642077697468696E207468652074696D6520706572696F64206F66206F6E6520796561722E200A332E095468652069737375616E6365206F66204269727468206365727469666963617465206973207468726F756768206F6E6C792074686520526567697374726172205768656E204F726465722066726F6D20466972737420436C617373204D616769737472617465206F722054656873696C646172206F66207468617420706172746963756C6172206172656120696E20612063617365204269727468206F63637572726564206C61746520616674657220746865206F6E652079656172206F662074696D65206F662042697274682E0A0A203C2F656C69676962696C6974793E0A203C6665653E0A20202052732031352E30302F2D200A3C2F6665653E0A203C53756D6D6172793E0A2020204120626972746820636572746966696361746520697320616E20696D706F7274616E7420706572736F6E616C20646F63756D656E742E200A3C2F53756D6D6172793E0A203C6C616E67756167653E0A202020456E676C697368200A3C2F6C616E67756167653E0A203C65787065637465645F64656C69766572795F646174653E0A2020204E6F7420417661696C61626C65200A3C2F65787065637465645F64656C69766572795F646174653E0A200A3C2F63617465676F72793E0A200A3C2F736572766963653E0A200A3C2F4465706172746D656E743E0A3C2F73657276696365733E, 'Off_Ch_844a4e', '03-16-16 12:25:05 pm', '03-17-16 02:56:30 pm', 'All details are correct', NULL, 'CH0000003', 'uploads/37281-birth.docx', NULL, 'Ch_68812f', 'Not Available'),
	('Ch_d6e65d', 'Approved by Officer', 'Death Registration and Certificate', _binary 0x3C3F786D6C2076657273696F6E3D22312E30223F3E3C73657276696365733E0A3C4465706172746D656E74206E616D653D224348303030223E0A3C73657276696365206E616D653D22446561746820526567697374726174696F6E20616E64204365727469666963617465223E0A3C63617465676F7279206E616D653D22756E646566696E6564223E0A3C646F63756D656E743E0A0A3C646F63756D656E745F696E666F3E0A0A20203C6170706C696361626C655F646F63756D656E743E0A2020200A202020524556454E5545204F5244455220534845455420495353554544204259204D414749535452415445204F4620464952535420434C415353204F5220414E20455845435554495645204D414749535452415445204F5220412054454853494C4441522028494E2043415345204F462044454C4159454420524547495354524154494F4E290A20200A20203C2F6170706C696361626C655F646F63756D656E743E0A0A20203C6D616E6461746F72793E0A2020200A2020205965730A20200A20203C2F6D616E6461746F72793E0A0A3C2F646F63756D656E745F696E666F3E0A0A3C646F63756D656E745F696E666F3E0A0A20203C6170706C696361626C655F646F63756D656E743E0A2020200A202020446F63746F72732043657274696669636174652F446F63756D656E7420476976656E206279204372656D6174696F6E2047726F756E640A20200A20203C2F6170706C696361626C655F646F63756D656E743E0A0A20203C6D616E6461746F72793E0A2020200A2020205965730A20200A20203C2F6D616E6461746F72793E0A0A3C2F646F63756D656E745F696E666F3E0A0A3C646F63756D656E745F696E666F3E0A0A20203C6170706C696361626C655F646F63756D656E743E0A2020200A2020205065726D697373696F6E20466F726D0A20200A20203C2F6170706C696361626C655F646F63756D656E743E0A0A20203C6D616E6461746F72793E0A2020200A2020205965730A20200A20203C2F6D616E6461746F72793E0A0A3C2F646F63756D656E745F696E666F3E0A0A3C646F63756D656E745F696E666F3E0A0A20203C6170706C696361626C655F646F63756D656E743E0A2020200A202020446561746820696E666F726D6174696F6E20666F726D0A20200A20203C2F6170706C696361626C655F646F63756D656E743E0A0A20203C6D616E6461746F72793E0A2020200A2020205965730A20200A20203C2F6D616E6461746F72793E0A0A3C2F646F63756D656E745F696E666F3E0A0A3C646F63756D656E745F696E666F3E0A0A20203C6170706C696361626C655F646F63756D656E743E0A2020200A202020464F524D203428444541544820494E20484F53504954414C290A20200A20203C2F6170706C696361626C655F646F63756D656E743E0A0A20203C6D616E6461746F72793E0A2020200A2020205965730A20200A20203C2F6D616E6461746F72793E0A0A3C2F646F63756D656E745F696E666F3E0A0A3C646F63756D656E745F696E666F3E0A0A20203C6170706C696361626C655F646F63756D656E743E0A2020200A20202054656873696C646172204F726465720A20200A20203C2F6170706C696361626C655F646F63756D656E743E0A0A20203C6D616E6461746F72793E0A2020200A2020205965730A20200A20203C2F6D616E6461746F72793E0A0A3C2F646F63756D656E745F696E666F3E0A0A3C646F63756D656E745F696E666F3E0A0A20203C6170706C696361626C655F646F63756D656E743E0A2020200A202020416666696461766974206F7220446973747269637420526567697374726172206F726465720A20200A20203C2F6170706C696361626C655F646F63756D656E743E0A0A20203C6D616E6461746F72793E0A2020200A2020205965730A20200A20203C2F6D616E6461746F72793E0A0A3C2F646F63756D656E745F696E666F3E0A0A3C2F646F63756D656E743E0A200A3C656C69676962696C6974793E0A202020312E094D756E69636970616C20436F72706F726174696F6E2F4D756E69636970616C74792F546F776E2050616E63686179617420646F6573206E6F742072656769737465722065766572792044656174682E20546865204465617468206F63637572726564206F6E6C7920696E20746865206A7572697364696374696F6E2061726561206F66204D756E69636970616C20436F72706F726174696F6E2F4D756E69636970616C74792F546F776E2050616E636861796174206265207265676973746572656420756E64657220746869732E200A322E0954686973206365727469666963617465206F66204465617468206973206F627461696E656420776974682074686520526567697374726172207065726D697373696F6E206966206F636375727265642077697468696E207468652074696D6520706572696F64206F66206F6E6520796561722E200A332E095468652069737375616E6365206F66204465617468206365727469666963617465206973207468726F756768206F6E6C792074686520526567697374726172205768656E204F726465722066726F6D20466972737420436C617373204D616769737472617465206F722054656873696C646172206F66207468617420706172746963756C6172206172656120696E20612063617365204465617468206F63637572726564206C61746520616674657220746865206F6E652079656172206F662074696D65206F662044656174682E0A203C2F656C69676962696C6974793E0A203C6665653E0A20202052732031352E3030200A3C2F6665653E0A203C53756D6D6172793E0A202020546865726520617265207365766572616C20726561736F6E7320776865726520796F75206D6179206E65656420746F206F627461696E20612064656174682063657274696669636174652C207479706963616C6C7920746F2073657276652061732070726F6F6620666F72206C6567616C20707572706F7365732E20466F7274756E6174656C792C2069742063616E20626520666169726C79206561737920666F7220616E20696D6D6564696174652066616D696C79206D656D62657220746F20676574206120636F7079206F66207468697320706172746963756C617220646F63756D656E742C20657370656369616C6C7920666F722074686520726561736F6E73206C696B6520436C61696D696E67204C69666520496E737572616E63652C2050656E73696F6E732C20536574746C696E67204573746174657320616E64204D656469636169642042656E6566697473206574632E200A3C2F53756D6D6172793E0A203C6C616E67756167653E0A202020456E676C697368200A3C2F6C616E67756167653E0A203C65787065637465645F64656C69766572795F646174653E0A202020E280A209596F752073686F756C642062652067657474696E67206120726573706F6E7365206E6F726D616C6C792077697468696E2031352064617973200A3C2F65787065637465645F64656C69766572795F646174653E0A200A3C2F63617465676F72793E0A200A3C2F736572766963653E0A200A3C2F4465706172746D656E743E0A3C2F73657276696365733E0A, 'Off_Ch_844a4e', '03-17-16 02:47:43 pm', '03-21-16 02:07:38 pm', 'Approve', '03-17-16 02:08:26 pm', 'CH0000005', 'uploads/1935-death.docx', NULL, 'Ch_68812f', 'Not Available'),
	('Ch_d6e65d', 'Approved by Officer', 'Issue Income Certificate', _binary 0x3C3F786D6C2076657273696F6E3D22312E30223F3E3C73657276696365733E0A3C4465706172746D656E74206E616D653D224348303030223E0A3C73657276696365206E616D653D22497373756520496E636F6D65204365727469666963617465223E0A3C63617465676F7279206E616D653D22756E646566696E6564223E0A3C646F63756D656E743E0A0A3C646F63756D656E745F696E666F3E0A0A20203C6170706C696361626C655F646F63756D656E743E0A2020200A2020204166666964617669740A20200A20203C2F6170706C696361626C655F646F63756D656E743E0A0A20203C6D616E6461746F72793E0A2020200A2020205965730A20200A20203C2F6D616E6461746F72793E0A0A3C2F646F63756D656E745F696E666F3E0A0A3C646F63756D656E745F696E666F3E0A0A20203C6170706C696361626C655F646F63756D656E743E0A2020200A2020204170706C69636174696F6E20666F726D0A20200A20203C2F6170706C696361626C655F646F63756D656E743E0A0A20203C6D616E6461746F72793E0A2020200A2020205965730A20200A20203C2F6D616E6461746F72793E0A0A3C2F646F63756D656E745F696E666F3E0A0A3C646F63756D656E745F696E666F3E0A0A20203C6170706C696361626C655F646F63756D656E743E0A2020200A20202043657274696669636174652066726F6D20506174776172692F53617270616E63682F506172736861640A20200A20203C2F6170706C696361626C655F646F63756D656E743E0A0A20203C6D616E6461746F72793E0A2020200A2020205965730A20200A20203C2F6D616E6461746F72793E0A0A3C2F646F63756D656E745F696E666F3E0A0A3C646F63756D656E745F696E666F3E0A0A20203C6170706C696361626C655F646F63756D656E743E0A2020200A202020464F524D2031360A20200A20203C2F6170706C696361626C655F646F63756D656E743E0A0A20203C6D616E6461746F72793E0A2020200A2020205965730A20200A20203C2F6D616E6461746F72793E0A0A3C2F646F63756D656E745F696E666F3E0A0A3C646F63756D656E745F696E666F3E0A0A20203C6170706C696361626C655F646F63756D656E743E0A2020200A202020526174696F6E20436172640A20200A20203C2F6170706C696361626C655F646F63756D656E743E0A0A20203C6D616E6461746F72793E0A2020200A2020205965730A20200A20203C2F6D616E6461746F72793E0A0A3C2F646F63756D656E745F696E666F3E0A0A3C2F646F63756D656E743E0A200A3C656C69676962696C6974793E0A2020204170706C6963616E742073686F756C642062652061207265736964656E74206F66204368686174746973676172680A203C2F656C69676962696C6974793E0A203C6665653E0A20202052732031352E3030200A3C2F6665653E0A203C53756D6D6172793E0A202020496E636F6D6520636572746966696361746520697320726571756972656420666F7220636C61696D696E67207363686F6C61727368697020616E6420616C736F20666F722061646D697373696F6E20696E20656475636174696F6E616C20696E737469747574696F6E7320616E6420686F7374656C732E200A3C2F53756D6D6172793E0A203C6C616E67756167653E0A202020456E676C697368200A3C2F6C616E67756167653E0A203C65787065637465645F64656C69766572795F646174653E0A202020436974697A656E2073686F756C642062652067657474696E67206120726573706F6E7365206E6F726D616C6C792077697468696E2031352064617973200A3C2F65787065637465645F64656C69766572795F646174653E0A200A3C2F63617465676F72793E0A200A3C2F736572766963653E0A200A3C2F4465706172746D656E743E0A3C2F73657276696365733E, 'Off_Ch_844a4e', '03-17-16 03:00:28 pm', '03-17-16 03:04:12 pm', 'All details are Correct', '03-17-16 02:59:54 pm', 'CH0000007', 'uploads/2380-income.docx', NULL, 'Ch_68812f', 'Not Available'),
	('Ch_d6e65d', 'Approved by Officer', 'New Learner Licence', _binary 0x3C3F786D6C2076657273696F6E3D22312E30223F3E3C73657276696365733E0A3C4465706172746D656E74206E616D653D224348303031223E0A3C73657276696365206E616D653D224E6577204C6561726E6572204C6963656E6365223E0A3C63617465676F7279206E616D653D22756E646566696E6564223E0A3C646F63756D656E743E0A0A3C646F63756D656E745F696E666F3E0A0A20203C6170706C696361626C655F646F63756D656E743E0A202020526174696F6E20436172640A20203C2F6170706C696361626C655F646F63756D656E743E0A0A20203C6D616E6461746F72793E0A2020205965730A20203C2F6D616E6461746F72793E0A0A3C2F646F63756D656E745F696E666F3E0A0A3C646F63756D656E745F696E666F3E0A0A20203C6170706C696361626C655F646F63756D656E743E0A20202042697274682043657274696669636174650A20203C2F6170706C696361626C655F646F63756D656E743E0A0A20203C6D616E6461746F72793E0A2020205965730A20203C2F6D616E6461746F72793E0A0A3C2F646F63756D656E745F696E666F3E0A0A3C646F63756D656E745F696E666F3E0A0A20203C6170706C696361626C655F646F63756D656E743E0A20202050686F746F67726170680A20203C2F6170706C696361626C655F646F63756D656E743E0A0A20203C6D616E6461746F72793E0A2020205965730A20203C2F6D616E6461746F72793E0A0A3C2F646F63756D656E745F696E666F3E0A0A3C646F63756D656E745F696E666F3E0A0A20203C6170706C696361626C655F646F63756D656E743E0A202020466F726D20310A20203C2F6170706C696361626C655F646F63756D656E743E0A0A20203C6D616E6461746F72793E0A2020205965730A20203C2F6D616E6461746F72793E0A0A3C2F646F63756D656E745F696E666F3E0A0A3C646F63756D656E745F696E666F3E0A0A20203C6170706C696361626C655F646F63756D656E743E0A202020464F524D203141205B4D45444943414C204345525449464943415445532041532049535355454420425920414E59204D2E422E422E532E20444F43544F525D0A20203C2F6170706C696361626C655F646F63756D656E743E0A0A20203C6D616E6461746F72793E0A2020205965730A20203C2F6D616E6461746F72793E0A0A3C2F646F63756D656E745F696E666F3E0A0A3C646F63756D656E745F696E666F3E0A0A20203C6170706C696361626C655F646F63756D656E743E0A20202041616468617220436172640A20203C2F6170706C696361626C655F646F63756D656E743E0A0A20203C6D616E6461746F72793E0A2020200A20203C2F6D616E6461746F72793E0A0A3C2F646F63756D656E745F696E666F3E0A0A3C2F646F63756D656E743E0A200A3C656C69676962696C6974793E0A2020204167652067726561746572207468616E2031362079656172732062757420617265206C657373207468616E2031382079656172732061726520656C696769626C6520666F722061204C6963656E636520746F206472697665206F6E6C792061206D6F746F72206379636C6520757020746F203530636320656E67696E6520636170616369747920692E652E206D6F746F72206379636C6520776974686F757420676561722E20466F7220746869732C207468657920726571756972652074686520636F6E73656E74206F6620746865697220706172656E7473202F20677561726469616E732E0A4167652067726561746572207468616E2031382079656172732061726520656C696769626C6520746F206F627461696E204C6963656E636520666F722061206D6F746F72206379636C65206571756970706564207769746820676561727320616E6420616C736F20666F722061204C69676874204D6F746F722056656869636C65205B4D6F746F72204361725D2E0A4167652067726561746572207468616E203230207965617273206F66206167652061726520656C696769626C6520746F206F627461696E2061204C6963656E636520746F2064726976652061207472616E73706F72742076656869636C652C20692E652E2C20612076656869636C65207573656420746F2063617272792070617373656E67657273206F7220676F6F647320666F722068697265206F7220726577617264206574632E207375636820617320746178692C206175746F207269636B736861772C20627573206F7220747275636B206275742074686579206D757374206861766520706173736564206D6964646C65207374616E64617264206578616D696E6174696F6E20692E652E20387468207374616E646172642E0A203C2F656C69676962696C6974793E0A203C6665653E0A20202052732E2037302F2D200A3C2F6665653E0A203C53756D6D6172793E0A202020546869732070726F6365647572652070726F766964657320796F7520696E666F726D6174696F6E2061626F757420686F7720746F206F627461696E2061204C6561726E657220447269766572204C6963656E73652E200A3C2F53756D6D6172793E0A203C6C616E67756167653E0A202020456E676C697368200A3C2F6C616E67756167653E0A203C65787065637465645F64656C69766572795F646174653E0A202020596F752073686F756C642062652067657474696E67206120726573706F6E7365206E6F726D616C6C792077697468696E206F6E65207765656B2E200A3C2F65787065637465645F64656C69766572795F646174653E0A200A3C2F63617465676F72793E0A200A3C2F736572766963653E0A200A3C2F4465706172746D656E743E0A3C2F73657276696365733E, 'Off_Ch_844a4e', '03-16-16 03:07:47 pm', '03-17-16 02:56:54 pm', 'All details are correct', NULL, 'CH0010001', 'uploads/85731-new-learner-license.docx', NULL, 'Ch_68812f', 'Not Available'),
	('Ja_8d4bc3', 'Approved by Officer', 'Issuance of New Ration Card', _binary 0x3C3F786D6C2076657273696F6E3D22312E30223F3E3C73657276696365733E0A3C4465706172746D656E74206E616D653D224A4B303031223E0A3C73657276696365206E616D653D2249737375616E6365206F66204E657720526174696F6E2043617264223E0A3C63617465676F7279206E616D653D22756E646566696E6564223E0A3C646F63756D656E743E0A0A3C646F63756D656E745F696E666F3E0A0A20203C6170706C696361626C655F646F63756D656E743E0A2020204465636C61726174696F6E20666F726D20284420466F726D290A20203C2F6170706C696361626C655F646F63756D656E743E0A0A20203C6D616E6461746F72793E0A2020205965730A20203C2F6D616E6461746F72793E0A0A3C2F646F63756D656E745F696E666F3E0A0A3C646F63756D656E745F696E666F3E0A0A20203C6170706C696361626C655F646F63756D656E743E0A202020342050617373706F72742073697A652070686F746F677261706873206F6620746865206170706C6963616E740A20203C2F6170706C696361626C655F646F63756D656E743E0A0A20203C6D616E6461746F72793E0A2020205965730A20203C2F6D616E6461746F72793E0A0A3C2F646F63756D656E745F696E666F3E0A0A3C646F63756D656E745F696E666F3E0A0A20203C6170706C696361626C655F646F63756D656E743E0A20202053757272656E646572204365727469666963617465732028466F722070656F706C6520636F6D696E672066726F6D206F757473696465290A20203C2F6170706C696361626C655F646F63756D656E743E0A0A20203C6D616E6461746F72793E0A2020205965730A20203C2F6D616E6461746F72793E0A0A3C2F646F63756D656E745F696E666F3E0A0A3C646F63756D656E745F696E666F3E0A0A20203C6170706C696361626C655F646F63756D656E743E0A202020205265736964656E63652050726F6F662028436F7079206F6620456C6563747269636974792042696C6C20616E6420436F7079206F662057617465722042696C6C290A20203C2F6170706C696361626C655F646F63756D656E743E0A0A20203C6D616E6461746F72793E0A2020205965730A20203C2F6D616E6461746F72793E0A0A3C2F646F63756D656E745F696E666F3E0A0A3C2F646F63756D656E743E0A200A3C656C69676962696C6974793E0A202020416E79206170706C6963616E742077686F2077697368657320746F206170706C7920666F722061204E657720526174696F6E20436172640A203C2F656C69676962696C6974793E0A203C6665653E0A20202052732035302F2D20200A3C2F6665653E0A203C53756D6D6172793E0A2020204120526174696F6E2043617264206973206120646F63756D656E742069737375656420756E64657220616E206F72646572206F7220617574686F72697479206F662074686520537461746520476F7665726E6D656E742C2061732070657220746865205075626C696320446973747269627574696F6E2053797374656D2C20666F7220746865207075726368617365206F6620657373656E7469616C20636F6D6D6F6469746965732066726F6D20666169722070726963652073686F70732E0A200A3C2F53756D6D6172793E0A203C6C616E67756167653E0A202020456E676C697368200A3C2F6C616E67756167653E0A203C65787065637465645F64656C69766572795F646174653E0A202020333020576F726B696E672044617973200A3C2F65787065637465645F64656C69766572795F646174653E0A200A3C2F63617465676F72793E0A200A3C2F736572766963653E0A200A3C2F4465706172746D656E743E0A3C2F73657276696365733E0A, 'Off_Ja_92a26f', '03-16-16 05:00:58 pm', '03-18-16 10:04:39 am', 'All details are correct', NULL, 'JK0010001', 'uploads/43472-ccc_services_desc.xlsx', NULL, 'Ja_26e0bd', 'Not Available'),
	('Ja_8d4bc3', 'Approved by Officer', 'Issue of Learner Driving License', _binary 0x3C3F786D6C2076657273696F6E3D22312E30223F3E3C73657276696365733E0A3C4465706172746D656E74206E616D653D224A4B303031223E0A3C73657276696365206E616D653D224973737565206F66204C6561726E65722044726976696E67204C6963656E7365223E0A3C63617465676F7279206E616D653D22756E646566696E6564223E0A3C646F63756D656E743E0A0A3C646F63756D656E745F696E666F3E0A0A20203C6170706C696361626C655F646F63756D656E743E0A2020204D65646963616C204365727469666963617465206174746573746564206279204D65646963616C204F6666696365722028466F726D203141290A20203C2F6170706C696361626C655F646F63756D656E743E0A0A20203C6D616E6461746F72793E0A2020205965730A20203C2F6D616E6461746F72793E0A0A3C2F646F63756D656E745F696E666F3E0A0A3C646F63756D656E745F696E666F3E0A0A20203C6170706C696361626C655F646F63756D656E743E0A20202042696F6461746120666F726D2028466F726D2032290A20203C2F6170706C696361626C655F646F63756D656E743E0A0A20203C6D616E6461746F72793E0A2020205965730A20203C2F6D616E6461746F72793E0A0A3C2F646F63756D656E745F696E666F3E0A0A3C646F63756D656E745F696E666F3E0A0A20203C6170706C696361626C655F646F63756D656E743E0A2020204665652052656365697074206F662052732036300A20203C2F6170706C696361626C655F646F63756D656E743E0A0A20203C6D616E6461746F72793E0A2020205965730A20203C2F6D616E6461746F72793E0A0A3C2F646F63756D656E745F696E666F3E0A0A3C2F646F63756D656E743E0A200A3C656C69676962696C6974793E0A2020204D696E696D756D20616765206F6620746865206170706C6963616E742073686F756C642062652031382079656172730A203C2F656C69676962696C6974793E0A203C6665653E0A20202052732036302F2D200A3C2F6665653E0A203C53756D6D6172793E0A20202050726F63656475726520746F206170706C7920666F72206C6561726E6572206C6963656E63652E200A3C2F53756D6D6172793E0A203C6C616E67756167653E0A202020456E676C697368200A3C2F6C616E67756167653E0A203C65787065637465645F64656C69766572795F646174653E0A2020203620576F726B696E672044617973200A3C2F65787065637465645F64656C69766572795F646174653E0A200A3C2F63617465676F72793E0A200A3C2F736572766963653E0A200A3C2F4465706172746D656E743E0A3C2F73657276696365733E, 'Off_Ja_92a26f', '03-16-16 05:12:09 pm', '03-17-16 04:15:07 pm', 'All Details are correct', NULL, 'JK0010002', 'uploads/46623-ccc_services_desc.xlsx', NULL, 'Ja_26e0bd', 'Not Available'),
	('Ja_8d4bc3', 'Approved by Officer', 'Registration of Vehicles', _binary 0x3C3F786D6C2076657273696F6E3D22312E30223F3E3C73657276696365733E0A3C4465706172746D656E74206E616D653D224A4B303031223E0A3C73657276696365206E616D653D22526567697374726174696F6E206F662056656869636C6573223E0A3C63617465676F7279206E616D653D22756E646566696E6564223E0A3C646F63756D656E743E0A0A3C646F63756D656E745F696E666F3E0A0A20203C6170706C696361626C655F646F63756D656E743E0A20202053616C657320436572746966696361746520696E20466F726D2032310A20203C2F6170706C696361626C655F646F63756D656E743E0A0A20203C6D616E6461746F72793E0A2020205965730A20203C2F6D616E6461746F72793E0A0A3C2F646F63756D656E745F696E666F3E0A0A3C646F63756D656E745F696E666F3E0A0A20203C6170706C696361626C655F646F63756D656E743E0A202020526F616420776F727468696E65737320436572746966696361746520696E20466F726D2032322066726F6D20746865206D616E756661637475726572732E0A20203C2F6170706C696361626C655F646F63756D656E743E0A0A20203C6D616E6461746F72793E0A2020205965730A20203C2F6D616E6461746F72793E0A0A3C2F646F63756D656E745F696E666F3E0A0A3C646F63756D656E745F696E666F3E0A0A20203C6170706C696361626C655F646F63756D656E743E0A202020466F726D2032300A20203C2F6170706C696361626C655F646F63756D656E743E0A0A20203C6D616E6461746F72793E0A2020205965730A20203C2F6D616E6461746F72793E0A0A3C2F646F63756D656E745F696E666F3E0A0A3C646F63756D656E745F696E666F3E0A0A20203C6170706C696361626C655F646F63756D656E743E0A20202056616C696420496E737572616E63652043657274696669636174650A20203C2F6170706C696361626C655F646F63756D656E743E0A0A20203C6D616E6461746F72793E0A2020205965730A20203C2F6D616E6461746F72793E0A0A3C2F646F63756D656E745F696E666F3E0A0A3C646F63756D656E745F696E666F3E0A0A20203C6170706C696361626C655F646F63756D656E743E0A20202050726F6F66206F6620416464726573732028526174696F6E20436172642C20456C6563747269636974792042696C6C290A20203C2F6170706C696361626C655F646F63756D656E743E0A0A20203C6D616E6461746F72793E0A2020205965730A20203C2F6D616E6461746F72793E0A0A3C2F646F63756D656E745F696E666F3E0A0A3C646F63756D656E745F696E666F3E0A0A20203C6170706C696361626C655F646F63756D656E743E0A20202054656D706F72617279204E756D62657220526563656970740A20203C2F6170706C696361626C655F646F63756D656E743E0A0A20203C6D616E6461746F72793E0A2020205965730A20203C2F6D616E6461746F72793E0A0A3C2F646F63756D656E745F696E666F3E0A0A3C646F63756D656E745F696E666F3E0A0A20203C6170706C696361626C655F646F63756D656E743E0A2020204F726967696E616C20636C6561726E616E63652063657274696669636174652066726F6D2074686520636F6E6365726E656420617574686F72697469657320696E2046726F6D20323120696E207468652063617365206F662065782D41726D792076656869636C650A20203C2F6170706C696361626C655F646F63756D656E743E0A0A20203C6D616E6461746F72793E0A2020205965730A20203C2F6D616E6461746F72793E0A0A3C2F646F63756D656E745F696E666F3E0A0A3C646F63756D656E745F696E666F3E0A0A20203C6170706C696361626C655F646F63756D656E743E0A20202050616E20436172640A20203C2F6170706C696361626C655F646F63756D656E743E0A0A20203C6D616E6461746F72793E0A2020200A20203C2F6D616E6461746F72793E0A0A3C2F646F63756D656E745F696E666F3E0A0A3C2F646F63756D656E743E0A200A3C656C69676962696C6974793E0A2020204E6F20706572736F6E207368616C6C20647269766520616E79206D6F746F722076656869636C6520616E64206E6F206F776E6572206F66204D6F746F722056656869636C65207368616C6C206361757365206F72207065726D6974207468652076656869636C6520746F2062652064726976656E20696E20616E79207075626C696320706C616365206F7220616E79206F7468657220706C61636520756E6C657373207468652076656869636C65206973207265676973746572656420696E206163636F7264616E6365207769746820436861707465722034206F6620494D562041637420313938380A203C2F656C69676962696C6974793E0A203C6665653E0A2020204665652061732070657220746865206375626963206361706163697479206F662056656869636C65200A3C2F6665653E0A203C53756D6D6172793E0A2020205265676973746572204E65772056656869636C65200A3C2F53756D6D6172793E0A203C6C616E67756167653E0A202020456E676C697368200A3C2F6C616E67756167653E0A203C65787065637465645F64656C69766572795F646174653E0A202020313120576F726B696E672044617973200A3C2F65787065637465645F64656C69766572795F646174653E0A200A3C2F63617465676F72793E0A200A3C2F736572766963653E0A200A3C2F4465706172746D656E743E0A3C2F73657276696365733E, 'Off_Ja_92a26f', '03-16-16 05:19:37 pm', '03-17-16 04:15:03 pm', 'All Details are correct', NULL, 'JK0010003', 'uploads/22935-ccc_services_desc.xlsx', NULL, 'Ja_26e0bd', 'Not Available'),
	('Ja_8d4bc3', 'Approved by Officer', 'Issue of Marriage Certificate', _binary 0x3C3F786D6C2076657273696F6E3D22312E30223F3E3C73657276696365733E0A3C4465706172746D656E74206E616D653D224A4B303031223E0A3C73657276696365206E616D653D224973737565206F66204D61727269616765204365727469666963617465223E0A3C63617465676F7279206E616D653D22756E646566696E6564223E0A3C646F63756D656E743E0A0A3C646F63756D656E745F696E666F3E0A0A20203C6170706C696361626C655F646F63756D656E743E0A2020204D617272696167652050726F6F6620692E652E204D617272696167652050686F746F6772617068732C204D6172726961676520496E7669746174696F6E20436172642E0A20203C2F6170706C696361626C655F646F63756D656E743E0A0A20203C6D616E6461746F72793E0A2020205965730A20203C2F6D616E6461746F72793E0A0A3C2F646F63756D656E745F696E666F3E0A0A3C646F63756D656E745F696E666F3E0A0A20203C6170706C696361626C655F646F63756D656E743E0A2020202044617465206F662042697274682043657274696669636174650A20203C2F6170706C696361626C655F646F63756D656E743E0A0A20203C6D616E6461746F72793E0A2020205965730A20203C2F6D616E6461746F72793E0A0A3C2F646F63756D656E745F696E666F3E0A0A3C646F63756D656E745F696E666F3E0A0A20203C6170706C696361626C655F646F63756D656E743E0A202020205065726D616E656E74205265736964656E742043657274696669636174650A20203C2F6170706C696361626C655F646F63756D656E743E0A0A20203C6D616E6461746F72793E0A2020205965730A20203C2F6D616E6461746F72793E0A0A3C2F646F63756D656E745F696E666F3E0A0A3C2F646F63756D656E743E0A200A3C656C69676962696C6974793E0A202020416E79206170706C6963616E742077686F2077697368657320746F206170706C7920666F72204D617272696167652043657274696669636174650A203C2F656C69676962696C6974793E0A203C6665653E0A2020204E6F2046656573205265717569726564200A3C2F6665653E0A203C53756D6D6172793E0A20202050726F63656475726520746F206973737565204D617272696167652063657274696669636174652E200A3C2F53756D6D6172793E0A203C6C616E67756167653E0A202020456E676C697368200A3C2F6C616E67756167653E0A203C65787065637465645F64656C69766572795F646174653E0A2020203220576F726B696E672044617973200A3C2F65787065637465645F64656C69766572795F646174653E0A200A3C2F63617465676F72793E0A200A3C2F736572766963653E0A200A3C2F4465706172746D656E743E0A3C2F73657276696365733E, 'Off_Ja_92a26f', '03-16-16 05:24:55 pm', '03-17-16 04:14:58 pm', 'All Details are correct', NULL, 'JK0010004', 'uploads/1963-ccc_services_desc.xlsx', NULL, 'Ja_26e0bd', 'Not Available'),
	('Ja_8d4bc3', 'Approved by Officer', 'Issue of Income Certificate', _binary 0x3C3F786D6C2076657273696F6E3D22312E30223F3E3C73657276696365733E0A3C4465706172746D656E74206E616D653D224A4B303031223E0A3C73657276696365206E616D653D224973737565206F6620496E636F6D65204365727469666963617465223E0A3C63617465676F7279206E616D653D22756E646566696E6564223E0A3C646F63756D656E743E0A0A3C646F63756D656E745F696E666F3E0A0A20203C6170706C696361626C655F646F63756D656E743E0A202020496E636F6D652050726F6F660A20203C2F6170706C696361626C655F646F63756D656E743E0A0A20203C6D616E6461746F72793E0A2020205965730A20203C2F6D616E6461746F72793E0A0A3C2F646F63756D656E745F696E666F3E0A0A3C646F63756D656E745F696E666F3E0A0A20203C6170706C696361626C655F646F63756D656E743E0A20202053616C61727920536C697020666F72205365727669636520436C6173730A20203C2F6170706C696361626C655F646F63756D656E743E0A0A20203C6D616E6461746F72793E0A2020205965730A20203C2F6D616E6461746F72793E0A0A3C2F646F63756D656E745F696E666F3E0A0A3C646F63756D656E745F696E666F3E0A0A20203C6170706C696361626C655F646F63756D656E743E0A20202042616E6B2053746174656D656E7420616E64204669726D20526567697374726174696F6E20436572746966696361746520666F7220427573696E65737320436C6173730A20203C2F6170706C696361626C655F646F63756D656E743E0A0A20203C6D616E6461746F72793E0A2020205965730A20203C2F6D616E6461746F72793E0A0A3C2F646F63756D656E745F696E666F3E0A0A3C2F646F63756D656E743E0A200A3C656C69676962696C6974793E0A202020416E79206170706C6963616E742077686F2077697368657320746F206170706C7920666F7220496E636F6D652043657274696669636174650A203C2F656C69676962696C6974793E0A203C6665653E0A2020204E6F2046656573205265717569726564200A3C2F6665653E0A203C53756D6D6172793E0A20202050726F63656475726520746F20697373756520696E636F6D652063657274696669636174652E200A3C2F53756D6D6172793E0A203C6C616E67756167653E0A202020456E676C697368200A3C2F6C616E67756167653E0A203C65787065637465645F64656C69766572795F646174653E0A2020203220576F726B696E672044617973200A3C2F65787065637465645F64656C69766572795F646174653E0A200A3C2F63617465676F72793E0A200A3C2F736572766963653E0A200A3C2F4465706172746D656E743E0A3C2F73657276696365733E, 'Off_Ja_92a26f', '03-16-16 05:27:33 pm', '03-17-16 04:14:53 pm', 'All Details are correct', NULL, 'JK0010005', 'uploads/32651-ccc_services_desc.xlsx', NULL, 'Ja_26e0bd', 'Not Available'),
	('Jh_2521e4', 'Approved by Officer', 'Issue of  Learner  driving  licenses', _binary 0x3C3F786D6C2076657273696F6E3D22312E30223F3E3C73657276696365733E0A3C4465706172746D656E74206E616D653D224A48303031223E0A3C73657276696365206E616D653D224973737565206F6620204C6561726E6572202064726976696E6720206C6963656E736573223E0A3C63617465676F7279206E616D653D22756E646566696E6564223E0A3C646F63756D656E743E0A0A3C646F63756D656E745F696E666F3E0A0A20203C6170706C696361626C655F646F63756D656E743E0A20202020466F726D204E6F2E320A20203C2F6170706C696361626C655F646F63756D656E743E0A0A20203C6D616E6461746F72793E0A2020205965730A20203C2F6D616E6461746F72793E0A0A3C2F646F63756D656E745F696E666F3E0A0A3C646F63756D656E745F696E666F3E0A0A20203C6170706C696361626C655F646F63756D656E743E0A202020466F726D204E6F2E3120410A20203C2F6170706C696361626C655F646F63756D656E743E0A0A20203C6D616E6461746F72793E0A2020205965730A20203C2F6D616E6461746F72793E0A0A3C2F646F63756D656E745F696E666F3E0A0A3C646F63756D656E745F696E666F3E0A0A20203C6170706C696361626C655F646F63756D656E743E0A202020466F726D204E6F2E310A20203C2F6170706C696361626C655F646F63756D656E743E0A0A20203C6D616E6461746F72793E0A2020205965730A20203C2F6D616E6461746F72793E0A0A3C2F646F63756D656E745F696E666F3E0A0A3C646F63756D656E745F696E666F3E0A0A20203C6170706C696361626C655F646F63756D656E743E0A20202041616468617220436172640A20203C2F6170706C696361626C655F646F63756D656E743E0A0A20203C6D616E6461746F72793E0A2020200A20203C2F6D616E6461746F72793E0A0A3C2F646F63756D656E745F696E666F3E0A0A3C646F63756D656E745F696E666F3E0A0A20203C6170706C696361626C655F646F63756D656E743E0A202020566F74696E6720436172640A20203C2F6170706C696361626C655F646F63756D656E743E0A0A20203C6D616E6461746F72793E0A2020200A20203C2F6D616E6461746F72793E0A0A3C2F646F63756D656E745F696E666F3E0A0A3C2F646F63756D656E743E0A200A3C656C69676962696C6974793E0A202020416765206F66204170706C6963616E742073686F756C642062652031382E0A203C2F656C69676962696C6974793E0A203C6665653E0A20202052732E2036302F2D200A3C2F6665653E0A203C53756D6D6172793E0A20202050726F63656475726520746F206973737565206C6561726E6572206C6963656E73652E200A3C2F53756D6D6172793E0A203C6C616E67756167653E0A202020456E676C697368200A3C2F6C616E67756167653E0A203C65787065637465645F64656C69766572795F646174653E0A20202034352044617973200A3C2F65787065637465645F64656C69766572795F646174653E0A200A3C2F63617465676F72793E0A200A3C2F736572766963653E0A200A3C2F4465706172746D656E743E0A3C2F73657276696365733E, 'Off_Jh_611cfa', '03-17-16 10:09:09 am', '03-17-16 04:04:40 pm', 'All details are correct', NULL, 'JH0010001', 'uploads/56531-services-list.xls', NULL, 'Jh_c14e70', 'Not Available'),
	('Jh_2521e4', 'Approved by Officer', 'Issue of  Permanent  driving  licenses', _binary 0x3C3F786D6C2076657273696F6E3D22312E30223F3E3C73657276696365733E0A3C4465706172746D656E74206E616D653D224A48303031223E0A3C73657276696365206E616D653D224973737565206F6620205065726D616E656E74202064726976696E6720206C6963656E736573223E0A3C63617465676F7279206E616D653D22756E646566696E6564223E0A3C646F63756D656E743E0A0A3C646F63756D656E745F696E666F3E0A0A20203C6170706C696361626C655F646F63756D656E743E0A2020200A20202056616C6964206F726967696E616C206C6561726E65722773206C6963656E73652E0A20200A20203C2F6170706C696361626C655F646F63756D656E743E0A0A20203C6D616E6461746F72793E0A2020200A2020205965730A20200A20203C2F6D616E6461746F72793E0A0A3C2F646F63756D656E745F696E666F3E0A0A3C646F63756D656E745F696E666F3E0A0A20203C6170706C696361626C655F646F63756D656E743E0A2020200A2020204170706C69636174696F6E20696E20466F726D204E6F2E340A20200A20203C2F6170706C696361626C655F646F63756D656E743E0A0A20203C6D616E6461746F72793E0A2020200A2020205965730A20200A20203C2F6D616E6461746F72793E0A0A3C2F646F63756D656E745F696E666F3E0A0A3C646F63756D656E745F696E666F3E0A0A20203C6170706C696361626C655F646F63756D656E743E0A2020200A2020204F6E6520726563656E742070617373706F72742073697A652070686F746F67726170680A20200A20203C2F6170706C696361626C655F646F63756D656E743E0A0A20203C6D616E6461746F72793E0A2020200A2020205965730A20200A20203C2F6D616E6461746F72793E0A0A3C2F646F63756D656E745F696E666F3E0A0A3C646F63756D656E745F696E666F3E0A0A20203C6170706C696361626C655F646F63756D656E743E0A2020200A20202020466F726D204E6F2E3520696E2063617365206F6620636F6D6D65726369616C206C6963656E73652E0A20200A20203C2F6170706C696361626C655F646F63756D656E743E0A0A20203C6D616E6461746F72793E0A2020200A2020205965730A20200A20203C2F6D616E6461746F72793E0A0A3C2F646F63756D656E745F696E666F3E0A0A3C646F63756D656E745F696E666F3E0A0A20203C6170706C696361626C655F646F63756D656E743E0A2020200A202020596F7572206F726967696E616C206C6963656E736520696E2063617365206F6620656E646F7273656D656E7473206F662063617465676F726965732E202028546865206F726967696E616C73206F662074686520646F63756D656E74732077686F736520617474657374656420636F706965732061726520656E636C6F736564206D757374206265206361727269656420616C6F6E67290A20200A20203C2F6170706C696361626C655F646F63756D656E743E0A0A20203C6D616E6461746F72793E0A2020200A2020205965730A20200A20203C2F6D616E6461746F72793E0A0A3C2F646F63756D656E745F696E666F3E0A0A3C646F63756D656E745F696E666F3E0A0A20203C6170706C696361626C655F646F63756D656E743E0A2020200A20202041616468617220436172640A20200A20203C2F6170706C696361626C655F646F63756D656E743E0A0A20203C6D616E6461746F72793E0A2020200A2020200A20200A20203C2F6D616E6461746F72793E0A0A3C2F646F63756D656E745F696E666F3E0A0A3C646F63756D656E745F696E666F3E0A0A20203C6170706C696361626C655F646F63756D656E743E0A2020200A202020566F74696E6720436172640A20200A20203C2F6170706C696361626C655F646F63756D656E743E0A0A20203C6D616E6461746F72793E0A2020200A2020200A20200A20203C2F6D616E6461746F72793E0A0A3C2F646F63756D656E745F696E666F3E0A0A3C2F646F63756D656E743E0A200A3C656C69676962696C6974793E0A202020546865206170706C6963616E742073686F756C640A4861766520612076616C6964206C6561726E6572206C6963656E73650A4170706C79206166746572203330206461797320616E642077697468696E2031383020646179732066726F6D207468652064617465206F662069737375616E6365206F66206C6561726E6572206C6963656E73652E200A426520636F6E76657273616E742061626F7574207468652076656869636C652073797374656D732C2064726976696E672C20747261666669632072756C657320616E6420726567756C6174696F6E732E0A203C2F656C69676962696C6974793E0A203C6665653E0A20202052657175697369746520666565200A3C2F6665653E0A203C53756D6D6172793E0A20202050726F63656475726520746F206973737565207065726D616E656E74206C6963656E73652E200A3C2F53756D6D6172793E0A203C6C616E67756167653E0A202020456E676C697368200A3C2F6C616E67756167653E0A203C65787065637465645F64656C69766572795F646174653E0A20202034352044617973200A3C2F65787065637465645F64656C69766572795F646174653E0A200A3C2F63617465676F72793E0A200A3C2F736572766963653E0A200A3C2F4465706172746D656E743E0A3C2F73657276696365733E, 'Off_Jh_611cfa', '03-18-16 03:56:01 pm', '03-21-16 12:39:58 pm', 'All details are correct', '03-18-16 03:55:07 pm', 'JH0010003', 'uploads/35824-services-list.xls', NULL, 'Jh_c14e70', 'Not Available'),
	('Jh_2521e4', 'Approved by Officer', 'Renewal of  driving  licenses', _binary 0x3C3F786D6C2076657273696F6E3D22312E30223F3E3C73657276696365733E0A3C4465706172746D656E74206E616D653D224A48303031223E0A3C73657276696365206E616D653D2252656E6577616C206F66202064726976696E6720206C6963656E736573223E0A3C63617465676F7279206E616D653D22756E646566696E6564223E0A3C646F63756D656E743E0A0A3C646F63756D656E745F696E666F3E0A0A20203C6170706C696361626C655F646F63756D656E743E0A2020204170706C69636174696F6E20696E20466F726D204E6F2E392E0A20203C2F6170706C696361626C655F646F63756D656E743E0A0A20203C6D616E6461746F72793E0A2020205965730A20203C2F6D616E6461746F72793E0A0A3C2F646F63756D656E745F696E666F3E0A0A3C646F63756D656E745F696E666F3E0A0A20203C6170706C696361626C655F646F63756D656E743E0A2020203220636F70696573206F6620796F757220726563656E742070617373706F72742073697A652070686F746F67726170680A20203C2F6170706C696361626C655F646F63756D656E743E0A0A20203C6D616E6461746F72793E0A2020205965730A20203C2F6D616E6461746F72793E0A0A3C2F646F63756D656E745F696E666F3E0A0A3C646F63756D656E745F696E666F3E0A0A20203C6170706C696361626C655F646F63756D656E743E0A20202044726976696E67206C6963656E73652068656C640A20203C2F6170706C696361626C655F646F63756D656E743E0A0A20203C6D616E6461746F72793E0A2020205965730A20203C2F6D616E6461746F72793E0A0A3C2F646F63756D656E745F696E666F3E0A0A3C646F63756D656E745F696E666F3E0A0A20203C6170706C696361626C655F646F63756D656E743E0A2020204D65646963616C20666F726D204E6F2E312073656C66206465636C61726174696F6E206F6620706879736963616C206669746E6573732E20202020202020202028412066696E65206F662052733130302F2D207368616C6C20626520636861726765642061732066696C652C20696620746865206170706C6963616E7420636F6D6573206C6174652E290A20203C2F6170706C696361626C655F646F63756D656E743E0A0A20203C6D616E6461746F72793E0A2020205965730A20203C2F6D616E6461746F72793E0A0A3C2F646F63756D656E745F696E666F3E0A0A3C646F63756D656E745F696E666F3E0A0A20203C6170706C696361626C655F646F63756D656E743E0A20202041616468617220436172640A20203C2F6170706C696361626C655F646F63756D656E743E0A0A20203C6D616E6461746F72793E0A2020200A20203C2F6D616E6461746F72793E0A0A3C2F646F63756D656E745F696E666F3E0A0A3C646F63756D656E745F696E666F3E0A0A20203C6170706C696361626C655F646F63756D656E743E0A202020566F74696E6720436172640A20203C2F6170706C696361626C655F646F63756D656E743E0A0A20203C6D616E6461746F72793E0A2020200A20203C2F6D616E6461746F72793E0A0A3C2F646F63756D656E745F696E666F3E0A0A3C2F646F63756D656E743E0A200A3C656C69676962696C6974793E0A20202041206C6963656E73652069732076616C696420666F722032302079656172732066726F6D207468652064617465206F66206973737565206F722074696C6C20746865206C6963656E736520686F6C646572207475726E73203530207965617273206F66206167652C207768696368657665722068617070656E73206561726C6965722E205468652064726976696E67206C6963656E736520697320726571756972656420746F2062652072656E6577656420616674657220657870697279206F66206974732076616C69646974792E2055706F6E2065787069727920746865206170706C6963616E74206D75737420617070726F61636820746F20686973206C6F63616C204469737472696374205472616E73706F7274204F666669636520647572696E67207075626C6963206465616C696E6720686F75727320666F72207468652073616D652E0A0A203C2F656C69676962696C6974793E0A203C6665653E0A20202052732E203530200A3C2F6665653E0A203C53756D6D6172793E0A20202050726F63656475726520746F2072656E6577616C206F662064726976696E67206C6963656E73652E200A3C2F53756D6D6172793E0A203C6C616E67756167653E0A202020456E676C697368200A3C2F6C616E67756167653E0A203C65787065637465645F64656C69766572795F646174653E0A2020204E6F7420417661696C61626C65200A3C2F65787065637465645F64656C69766572795F646174653E0A200A3C2F63617465676F72793E0A200A3C2F736572766963653E0A200A3C2F4465706172746D656E743E0A3C2F73657276696365733E, 'Off_Jh_611cfa', '03-17-16 11:28:29 am', '03-17-16 04:04:23 pm', 'All details are correct', NULL, 'JH0010005', 'uploads/86236-services-list.xls', NULL, 'Jh_c14e70', 'Not Available'),
	('Jh_2521e4', 'Approved by Officer', 'Issue of  duplicate  copy of  license', _binary 0x3C3F786D6C2076657273696F6E3D22312E30223F3E3C73657276696365733E0A3C4465706172746D656E74206E616D653D224A48303031223E0A3C73657276696365206E616D653D224973737565206F6620206475706C69636174652020636F7079206F6620206C6963656E7365223E0A3C63617465676F7279206E616D653D22756E646566696E6564223E0A3C646F63756D656E743E0A0A3C646F63756D656E745F696E666F3E0A0A20203C6170706C696361626C655F646F63756D656E743E0A2020204170706C69636174696F6E20696E20466F726D204C4C44286475706C69636174652064726976696E67206C6963656E6365292E0A20203C2F6170706C696361626C655F646F63756D656E743E0A0A20203C6D616E6461746F72793E0A2020205965730A20203C2F6D616E6461746F72793E0A0A3C2F646F63756D656E745F696E666F3E0A0A3C646F63756D656E745F696E666F3E0A0A20203C6170706C696361626C655F646F63756D656E743E0A2020204F726967696E616C206C6963656E6365207772697474656E206F72206465666163656420696620617661696C61626C650A20203C2F6170706C696361626C655F646F63756D656E743E0A0A20203C6D616E6461746F72793E0A2020205965730A20203C2F6D616E6461746F72793E0A0A3C2F646F63756D656E745F696E666F3E0A0A3C646F63756D656E745F696E666F3E0A0A20203C6170706C696361626C655F646F63756D656E743E0A202020464952206F6620746865206C6F7374206C6963656E73650A20203C2F6170706C696361626C655F646F63756D656E743E0A0A20203C6D616E6461746F72793E0A2020205965730A20203C2F6D616E6461746F72793E0A0A3C2F646F63756D656E745F696E666F3E0A0A3C2F646F63756D656E743E0A200A3C656C69676962696C6974793E0A20202041204475706C6963617465204C6963656E73652069732069737375656420696E2063617365206F66206C6F73732C2074686566742C206F72206F6E206D7574696C6174696F6E2E0A203C2F656C69676962696C6974793E0A203C6665653E0A2020202052732E20363020666F72206665657320616C6F6E6720776974682052732E2032303020666F722069737375616E6365206F66204C6963656E73652E20286E65656420746F207665726966792074686520616D6F756E7429200A3C2F6665653E0A203C53756D6D6172793E0A20202050726F63656475726520746F206973737565206475706C6963617465206C6963656E73652E200A3C2F53756D6D6172793E0A203C6C616E67756167653E0A202020456E676C697368200A3C2F6C616E67756167653E0A203C65787065637465645F64656C69766572795F646174653E0A20202031302044617973200A3C2F65787065637465645F64656C69766572795F646174653E0A200A3C2F63617465676F72793E0A200A3C2F736572766963653E0A200A3C2F4465706172746D656E743E0A3C2F73657276696365733E, 'Off_Jh_611cfa', '03-17-16 11:50:22 am', '03-17-16 04:04:11 pm', 'All details are correct', NULL, 'JH0010007', 'uploads/34670-services-list.xls', NULL, 'Jh_c14e70', 'Not Available'),
	('Jh_2521e4', 'Approved by Officer', 'Change of  license  into  Smart Card  License', _binary 0x3C3F786D6C2076657273696F6E3D22312E30223F3E3C73657276696365733E0A3C4465706172746D656E74206E616D653D224A48303031223E0A3C73657276696365206E616D653D224368616E6765206F6620206C6963656E73652020696E746F2020536D617274204361726420204C6963656E7365223E0A3C63617465676F7279206E616D653D22756E646566696E6564223E0A3C646F63756D656E743E0A0A3C646F63756D656E745F696E666F3E0A0A20203C6170706C696361626C655F646F63756D656E743E0A20202020436F6D706C65746564206170706C69636174696F6E20666F726D0A20203C2F6170706C696361626C655F646F63756D656E743E0A0A20203C6D616E6461746F72793E0A2020205965730A20203C2F6D616E6461746F72793E0A0A3C2F646F63756D656E745F696E666F3E0A0A3C646F63756D656E745F696E666F3E0A0A20203C6170706C696361626C655F646F63756D656E743E0A202020526563656E742073697A652070686F746F67726170680A20203C2F6170706C696361626C655F646F63756D656E743E0A0A20203C6D616E6461746F72793E0A2020205965730A20203C2F6D616E6461746F72793E0A0A3C2F646F63756D656E745F696E666F3E0A0A3C646F63756D656E745F696E666F3E0A0A20203C6170706C696361626C655F646F63756D656E743E0A202020412073656C6620616464726573736564207374616D70656420726567697374657265642F20737065656420706F737420656E6576656C6F7020696E20776869636820796F75722044726976696E67204C6963656E73652077696C6C2062652073656E7420746F20796F7520627920706F73740A20203C2F6170706C696361626C655F646F63756D656E743E0A0A20203C6D616E6461746F72793E0A2020205965730A20203C2F6D616E6461746F72793E0A0A3C2F646F63756D656E745F696E666F3E0A0A3C646F63756D656E745F696E666F3E0A0A20203C6170706C696361626C655F646F63756D656E743E0A20202041616468617220436172640A20203C2F6170706C696361626C655F646F63756D656E743E0A0A20203C6D616E6461746F72793E0A2020200A20203C2F6D616E6461746F72793E0A0A3C2F646F63756D656E745F696E666F3E0A0A3C646F63756D656E745F696E666F3E0A0A20203C6170706C696361626C655F646F63756D656E743E0A202020566F74696E6720436172640A20203C2F6170706C696361626C655F646F63756D656E743E0A0A20203C6D616E6461746F72793E0A2020200A20203C2F6D616E6461746F72793E0A0A3C2F646F63756D656E745F696E666F3E0A0A3C2F646F63756D656E743E0A200A3C656C69676962696C6974793E0A20202054686F73652077686F20686176652064726976696E67206C6963656E73650A203C2F656C69676962696C6974793E0A203C6665653E0A2020204E6F7420417661696C61626C65200A3C2F6665653E0A203C53756D6D6172793E0A20202022536D617274204361726422206D65616E732061206465766963652063617061626C65206F662073746F72696E67206461746120616E6420657865637574696E6720636F6D6D616E64732077686963682069732061206D6963726F70726F636573736F722063686970206D6F756E746564206F6E206120706C6173746963206361726420616E64207468652064696D656E73696F6E73206F6620746865206361726420616E642063686970206172652073706563696669656420696E2074686520496E7465726E6174696F6E616C204F7267616E697A6174696F6E20666F72205374616E64617264697A6174696F6E2849534F292F496E7465726E6174696F6E616C20456C656374726F20546563686E6963616C20436F6D6D697373696F6E20284945432920373831362073706563696669636174696F6E732E0A0A5468657365207479706573206F6620444C2070726F6365737320686F6C6473207468726F7567682074686520636F6D7075746572697A6174696F6E206D6F646520696E20776869636820616C6C207468652062696F6D65747269637320646174612077696C6C206B65657020627920746865206465706172746D656E7420666F7220746865206170706C6963616E742E200A0A496E207468652062696F6D65747269637320696E666F726D6174696F6E2074686520646573697265206170706C6963616E74732077696C6C206861766520746F2067697665207468652064657461696C73206F6620746865697220626C6F6F642067726F75702C207468756D6220616E642066696E676572207072696E74732C2065796520726574696E61207363616E2C20626F6479206D61726B73206574632E20546865736520646174612077696C6C20626520736176656420696E207468652052544F202F204152544F206F66666963652073657276657220616E64207468726F75676820746869732077696C6C2062652073656E7420746F207468652068656164206F6666696365206F66207472616E73706F7274206465706172746D656E7420696E20656163682073746174652E200A3C2F53756D6D6172793E0A203C6C616E67756167653E0A202020456E676C697368200A3C2F6C616E67756167653E0A203C65787065637465645F64656C69766572795F646174653E0A20202031302044617973200A3C2F65787065637465645F64656C69766572795F646174653E0A200A3C2F63617465676F72793E0A200A3C2F736572766963653E0A200A3C2F4465706172746D656E743E0A3C2F73657276696365733E, 'Off_Jh_611cfa', '03-17-16 12:12:11 pm', '03-17-16 04:03:54 pm', 'All details are correct', NULL, 'JH0010009', 'uploads/3252-services-list.xls', NULL, 'Jh_c14e70', 'Not Available');
/*!40000 ALTER TABLE `service_status` ENABLE KEYS */;


-- Dumping structure for table sampark_cnf1.service_tracker
CREATE TABLE IF NOT EXISTS `service_tracker` (
  `service_id` varchar(40) NOT NULL,
  `Remark` varchar(100) NOT NULL,
  `Rejected_date` varchar(30) NOT NULL,
  `Rejected_by` varchar(25) NOT NULL
) ENGINE=MyISAM DEFAULT CHARSET=latin1;

-- Dumping data for table sampark_cnf1.service_tracker: 28 rows
/*!40000 ALTER TABLE `service_tracker` DISABLE KEYS */;
INSERT INTO `service_tracker` (`service_id`, `Remark`, `Rejected_date`, `Rejected_by`) VALUES
	('CH0030001', 'Contact no not correct.', '03-08-16 11:11:33 am', 'Ch_68812f'),
	('CH0030001', 'Contact details not complete', '03-08-16 11:28:19 am', 'Off_Ch_844a4e'),
	('CH0030001', 'Contact details not correct', '03-08-16 11:42:17 am', 'Ch_68812f'),
	('CH0010002', 'dsfsdfs', '03-08-16 05:17:36 pm', 'Ch_68812f'),
	('CH0000001', 'reject again', '03-09-16 10:34:54 am', 'Off_Ch_844a4e'),
	('CH0000001', 'correct it', '03-09-16 10:35:28 am', 'Ch_11eefb'),
	('CH0000001', 'chech again', '03-09-16 11:02:42 am', 'Ch_11eefb'),
	('CH0000001', 'tryout', '03-09-16 11:16:35 am', 'Ch_11eefb'),
	('CH0000001', 'common', '03-09-16 11:24:06 am', 'Ch_11eefb'),
	('CH0010008', 'fees 1000', '03-09-16 03:23:52 pm', 'Ch_68812f'),
	('CH0010002', 'naot ok', '03-11-16 11:01:09 am', 'Ch_68812f'),
	('CH0040004', 'asda', '03-11-16 11:09:40 am', 'Ch_68812f'),
	('CH0040003', 'sadad', '03-11-16 11:09:45 am', 'Ch_68812f'),
	('CH0040003', 'dsfs', '03-11-16 11:35:14 am', 'Ch_68812f'),
	('CH0040004', 'dsfsdfs', '03-11-16 11:35:19 am', 'Ch_68812f'),
	('CH0010002', 'sdfsfds', '03-11-16 11:35:24 am', 'Ch_68812f'),
	('CH0020001', 'rejected by sdhfjdh bcz sdhf at dfjkgd in hfjshf from djhsdjkh', '03-14-16 10:56:26 am', 'Ch_68812f'),
	('CH0000006', 'Some details are incorrect', '03-17-16 02:08:19 pm', 'Ch_68812f'),
	('CH0000005', 'Some details are incorrect', '03-17-16 02:08:26 pm', 'Ch_68812f'),
	('CH0000008', 'Some details are incorrect', '03-17-16 02:58:50 pm', 'Off_Ch_844a4e'),
	('CH0000007', 'Some details are incorrect', '03-17-16 02:58:56 pm', 'Off_Ch_844a4e'),
	('CH0000008', 'Some details are incorrect', '03-17-16 02:59:49 pm', 'Ch_68812f'),
	('CH0000007', 'Some details are incorrect', '03-17-16 02:59:54 pm', 'Ch_68812f'),
	('JH0010003', 'fffffff', '03-18-16 03:53:42 pm', 'Off_Jh_611cfa'),
	('JH0010003', 'gdffffffffffffffg', '03-18-16 03:55:07 pm', 'Jh_c14e70'),
	('CH0010003', '52522', '03-21-16 04:40:57 pm', 'Ch_68812f'),
	('JH0010010', 'All details are correct', '03-22-16 10:30:52 am', 'Off_Jh_611cfa'),
	('JH0010011', 'sadasda', '03-23-16 10:49:19 am', 'Jh_c14e70');
/*!40000 ALTER TABLE `service_tracker` ENABLE KEYS */;


-- Dumping structure for table sampark_cnf1.supermaster_state
CREATE TABLE IF NOT EXISTS `supermaster_state` (
  `id` int(11) NOT NULL AUTO_INCREMENT,
  `state_id` varchar(2) NOT NULL,
  `state_name` varchar(50) NOT NULL,
  `is_active` int(11) NOT NULL DEFAULT '0',
  PRIMARY KEY (`id`)
) ENGINE=MyISAM AUTO_INCREMENT=9 DEFAULT CHARSET=utf8;

-- Dumping data for table sampark_cnf1.supermaster_state: 8 rows
/*!40000 ALTER TABLE `supermaster_state` DISABLE KEYS */;
INSERT INTO `supermaster_state` (`id`, `state_id`, `state_name`, `is_active`) VALUES
	(1, 'AP', 'Andhra Pradesh', 1),
	(2, 'AR', 'Arunachal Pradesh', 1),
	(3, 'AS', 'Assam', 0),
	(4, 'BR', 'Bihar', 1),
	(5, 'CH', 'Chhattisgarh', 1),
	(6, 'GA', 'Goa', 1),
	(7, 'JH', 'Jharkhand', 1),
	(8, 'JK', 'Jammu and Kashmir', 1);
/*!40000 ALTER TABLE `supermaster_state` ENABLE KEYS */;


-- Dumping structure for table sampark_cnf1.user_log
CREATE TABLE IF NOT EXISTS `user_log` (
  `id` int(11) NOT NULL AUTO_INCREMENT,
  `action` varchar(100) NOT NULL,
  `action_by` varchar(100) NOT NULL,
  `date_time` timestamp NOT NULL DEFAULT CURRENT_TIMESTAMP ON UPDATE CURRENT_TIMESTAMP,
  `target` varchar(100) DEFAULT NULL,
  PRIMARY KEY (`id`)
) ENGINE=MyISAM AUTO_INCREMENT=129 DEFAULT CHARSET=utf8;

-- Dumping data for table sampark_cnf1.user_log: 128 rows
/*!40000 ALTER TABLE `user_log` DISABLE KEYS */;
INSERT INTO `user_log` (`id`, `action`, `action_by`, `date_time`, `target`) VALUES
	(1, 'added user ::CH_officer_1', 'admin', '2016-03-07 11:41:36', 'CH_officer_1'),
	(2, 'added user ::JH_officer_1', 'admin', '2016-03-07 11:53:42', 'JH_officer_1'),
	(3, 'user added  ::Ch_11eefb', 'CH_officer_1', '2016-03-07 12:07:16', 'Ch_11eefb'),
	(4, 'user added  ::Ch_68812f', 'CH_officer_1', '2016-03-07 12:15:16', 'Ch_68812f'),
	(5, 'user added  ::Ch_cb04fb', 'CH_officer_1', '2016-03-07 12:22:09', 'Ch_cb04fb'),
	(6, 'added user ::CH_officer_2', 'admin', '2016-03-07 12:22:36', 'CH_officer_2'),
	(7, 'added user ::JH_officer_2', 'admin', '2016-03-07 12:23:34', 'JH_officer_2'),
	(8, 'user added  ::Ch_d6e65d', 'CH_officer_1', '2016-03-07 13:29:33', 'Ch_d6e65d'),
	(9, 'user added  ::Ch_e27786', 'ch_officer_1', '2016-03-07 14:16:49', 'Ch_e27786'),
	(10, 'user added  ::Ch_aefa7e', 'ch_officer_1', '2016-03-07 14:20:07', 'Ch_aefa7e'),
	(11, 'user added  ::Ch_279b56', 'ch_officer_1', '2016-03-07 14:22:04', 'Ch_279b56'),
	(12, 'user added  ::Ch_fcfbf6', 'ch_officer_1', '2016-03-07 14:57:26', 'Ch_fcfbf6'),
	(13, 'user added  ::Ch_080440', 'ch_officer_1', '2016-03-07 14:58:03', 'Ch_080440'),
	(14, 'user added  ::Ch_875c24', 'ch_officer_1', '2016-03-07 14:58:04', 'Ch_875c24'),
	(15, 'user added  ::Ch_4f0996', 'ch_officer_1', '2016-03-07 14:58:04', 'Ch_4f0996'),
	(16, 'user added  ::Ch_eff801', 'ch_officer_1', '2016-03-07 15:05:22', 'Ch_eff801'),
	(17, 'user added  ::Ch_cb8b71', 'ch_officer_1', '2016-03-07 15:08:44', 'Ch_cb8b71'),
	(18, 'user added  ::Ch_6665dc', 'ch_officer_1', '2016-03-07 15:10:13', 'Ch_6665dc'),
	(19, 'user added  ::Ch_211854', 'ch_officer_1', '2016-03-07 15:13:01', 'Ch_211854'),
	(20, 'user added  ::Ch_d7668a', 'ch_officer_1', '2016-03-07 15:21:27', 'Ch_d7668a'),
	(21, 'user added  ::Ch_120279', 'ch_officer_1', '2016-03-07 15:51:18', 'Ch_120279'),
	(22, 'user added  ::Ch_100e40', 'ch_officer_1', '2016-03-07 16:08:21', 'Ch_100e40'),
	(23, 'user added  ::Ch_fcbb48', 'ch_officer_1', '2016-03-07 16:11:22', 'Ch_fcbb48'),
	(24, 'user added  ::Ch_916b0f', 'ch_officer_1', '2016-03-07 16:11:23', 'Ch_916b0f'),
	(25, 'user added  ::Ch_f81856', 'ch_officer_1', '2016-03-07 16:11:23', 'Ch_f81856'),
	(26, 'user added  ::Ch_bad025', 'ch_officer_1', '2016-03-07 16:11:23', 'Ch_bad025'),
	(27, 'user password changed ::Ch_cb04fb', 'CH_operator_1', '2016-03-07 16:43:56', 'Ch_cb04fb'),
	(28, 'user added  ::Ch_a7834e', 'ch_officer_1', '2016-03-07 17:02:29', 'Ch_a7834e'),
	(29, 'user added  ::Ch_1c63e5', 'ch_officer_1', '2016-03-07 17:11:12', 'Ch_1c63e5'),
	(30, 'user added  ::Ch_887700', 'ch_officer_1', '2016-03-07 17:14:53', 'Ch_887700'),
	(31, 'service rejected  ::CH0030001', 'CH_officer_1', '2016-03-08 11:28:35', 'CH0030001'),
	(32, 'service rejected  ::CH0030001', 'CH_reviewer_2', '2016-03-08 11:42:33', 'CH0030001'),
	(33, 'service rejected  ::CH0000001', 'ch_officer_1', '2016-03-09 10:35:10', 'CH0000001'),
	(34, 'service rejected  ::CH0000001', 'CH_reviewer_1', '2016-03-09 10:35:44', 'CH0000001'),
	(35, 'added user ::CH_officer_3', 'admin', '2016-03-09 11:58:53', 'CH_officer_3'),
	(36, 'user added  ::Ch_055d25', 'ch_officer_1', '2016-03-09 13:53:25', 'Ch_055d25'),
	(37, 'user added  ::Ch_0501fc', 'ch_officer_1', '2016-03-09 13:53:27', 'Ch_0501fc'),
	(38, 'user added  ::Ch_dcb68d', 'ch_officer_1', '2016-03-09 13:55:07', 'Ch_dcb68d'),
	(39, 'user added  ::Ch_9680f1', 'ch_officer_1', '2016-03-09 13:55:07', 'Ch_9680f1'),
	(40, 'user added  ::Ch_8a9906', 'ch_officer_1', '2016-03-09 14:06:56', 'Ch_8a9906'),
	(41, 'user added  ::Ch_a94034', 'CH_officer_1', '2016-03-10 12:45:38', 'Ch_a94034'),
	(42, 'added user ::GA_officer_1', 'admin', '2016-03-10 15:57:51', 'GA_officer_1'),
	(43, 'added user ::GA_officer_2', 'admin', '2016-03-10 15:59:14', 'GA_officer_2'),
	(44, 'language deleted ::pq', 'ch_officer_1', '2016-03-11 13:55:34', 'pq'),
	(45, 'language deleted ::pq', 'ch_officer_1', '2016-03-11 13:55:36', 'pq'),
	(46, 'language deleted ::io', 'ch_officer_1', '2016-03-11 13:56:33', 'io'),
	(47, 'language deleted ::io', 'ch_officer_1', '2016-03-11 13:56:38', 'io'),
	(48, 'language deleted ::ui', 'ch_officer_1', '2016-03-11 13:57:57', 'ui'),
	(49, 'language deleted ::h', 'ch_officer_1', '2016-03-11 13:59:14', 'h'),
	(50, 'language deleted ::iu', 'ch_officer_1', '2016-03-11 13:59:39', 'iu'),
	(51, 'language deleted ::jk', 'ch_officer_1', '2016-03-11 13:59:47', 'jk'),
	(52, 'user added  ::Ch_44deff', 'ch_officer_1', '2016-03-11 16:09:46', 'Ch_44deff'),
	(53, 'user updated ::Ch_44deff', 'CH_officer_1', '2016-03-14 17:15:04', 'Ch_44deff'),
	(54, 'user updated ::Ch_44deff', 'CH_officer_1', '2016-03-14 17:15:13', 'Ch_44deff'),
	(55, 'user updated ::Ch_44deff', 'CH_officer_1', '2016-03-14 17:17:38', 'Ch_44deff'),
	(56, 'user updated ::Ch_44deff', 'CH_officer_1', '2016-03-14 17:19:22', 'Ch_44deff'),
	(57, 'user updated ::Ch_44deff', 'CH_officer_1', '2016-03-14 17:20:21', 'Ch_44deff'),
	(58, 'user updated ::Ch_44deff', 'CH_officer_1', '2016-03-14 17:20:43', 'Ch_44deff'),
	(59, 'user updated ::Ch_44deff', 'CH_officer_1', '2016-03-14 17:24:45', 'Ch_44deff'),
	(60, 'user updated ::Ch_44deff', 'CH_officer_1', '2016-03-14 17:24:53', 'Ch_44deff'),
	(61, 'user updated ::Ch_44deff', 'CH_officer_1', '2016-03-14 17:25:36', 'Ch_44deff'),
	(62, 'user updated ::Ch_44deff', 'CH_officer_1', '2016-03-14 17:26:08', 'Ch_44deff'),
	(63, 'user updated ::Ch_44deff', 'CH_officer_1', '2016-03-14 17:26:12', 'Ch_44deff'),
	(64, 'user updated ::Ch_44deff', 'CH_officer_1', '2016-03-14 17:26:34', 'Ch_44deff'),
	(65, 'updated user info ::Ch_44deff', 'admin', '2016-03-15 09:47:59', 'Ch_44deff'),
	(66, 'updated user info ::Ch_44deff', 'admin', '2016-03-15 09:48:27', 'Ch_44deff'),
	(67, 'user updated ::Ch_44deff', 'ch_officer_1', '2016-03-15 10:36:18', 'Ch_44deff'),
	(68, 'user updated ::Ch_44deff', 'ch_officer_1', '2016-03-15 10:36:26', 'Ch_44deff'),
	(69, 'user updated ::Ch_a94034', 'ch_officer_1', '2016-03-15 10:36:48', 'Ch_a94034'),
	(70, 'updated user info ::Ch_44deff', 'admin', '2016-03-15 10:37:02', 'Ch_44deff'),
	(71, 'updated user info ::Ch_a94034', 'admin', '2016-03-15 10:37:11', 'Ch_a94034'),
	(72, 'updated user info ::Ch_44deff', 'admin', '2016-03-15 10:37:28', 'Ch_44deff'),
	(73, 'user added  ::Jh_c14e70', 'JH_officer_1', '2016-03-16 15:59:43', 'Jh_c14e70'),
	(74, 'user added  ::Jh_c73d8d', 'JH_officer_1', '2016-03-16 16:00:16', 'Jh_c73d8d'),
	(75, 'user added  ::Jh_2521e4', 'JH_officer_1', '2016-03-16 16:00:35', 'Jh_2521e4'),
	(76, 'user added  ::Jh_3513b8', 'JH_officer_1', '2016-03-16 16:00:57', 'Jh_3513b8'),
	(77, 'user added  ::Jh_35ce20', 'JH_officer_1', '2016-03-16 16:01:23', 'Jh_35ce20'),
	(78, 'user added  ::Jh_c0ab36', 'JH_officer_1', '2016-03-16 16:03:51', 'Jh_c0ab36'),
	(79, 'user added  ::Jh_cd5431', 'JH_officer_1', '2016-03-16 16:04:28', 'Jh_cd5431'),
	(80, 'added user ::JK_officer_1', 'admin', '2016-03-16 16:11:12', 'JK_officer_1'),
	(81, 'user added  ::Ja_26e0bd', 'JK_officer_1', '2016-03-16 16:11:40', 'Ja_26e0bd'),
	(82, 'user added  ::Ja_8d4bc3', 'JK_officer_1', '2016-03-16 16:11:47', 'Ja_8d4bc3'),
	(83, 'user added  ::Ja_79a8af', 'JK_officer_1', '2016-03-16 16:12:05', 'Ja_79a8af'),
	(84, 'user added  ::Ja_ec908a', 'JK_officer_1', '2016-03-16 16:12:40', 'Ja_ec908a'),
	(85, 'user added  ::Ja_3ed138', 'JK_officer_1', '2016-03-16 16:14:26', 'Ja_3ed138'),
	(86, 'user added  ::Ja_156f46', 'JK_officer_1', '2016-03-16 16:14:47', 'Ja_156f46'),
	(87, 'service rejected  ::CH0000008', 'CH_officer_1', '2016-03-17 14:59:03', 'CH0000008'),
	(88, 'service rejected  ::CH0000007', 'CH_officer_1', '2016-03-17 14:59:09', 'CH0000007'),
	(89, 'service rejected  ::CH0000008', 'CH_reviewer_2', '2016-03-17 15:00:02', 'CH0000008'),
	(90, 'service rejected  ::CH0000007', 'CH_reviewer_2', '2016-03-17 15:00:07', 'CH0000007'),
	(91, 'language deleted ::Jh', 'JH_officer_1', '2016-03-18 10:55:23', 'Jh'),
	(92, 'language deleted ::sa', 'JH_officer_1', '2016-03-18 10:55:27', 'sa'),
	(93, 'language deleted ::sa', 'JH_officer_1', '2016-03-18 10:57:44', 'sa'),
	(94, 'language deleted ::aa', 'JH_officer_1', '2016-03-18 10:58:37', 'aa'),
	(95, 'service rejected  ::JH0010003', 'JH_officer_1', '2016-03-18 15:53:54', 'JH0010003'),
	(96, 'service rejected  ::JH0010003', 'JH_reviewer_1', '2016-03-18 15:55:19', 'JH0010003'),
	(97, 'added user ::BR_officer_1', 'admin', '2016-03-18 15:55:40', 'BR_officer_1'),
	(98, 'added user ::BR_officer_2', 'admin', '2016-03-18 15:56:24', 'BR_officer_2'),
	(99, 'deleted officer ::Off_Bi_3e6e8d', 'admin', '2016-03-18 15:56:39', 'Off_Bi_3e6e8d'),
	(100, 'deleted officer ::Off_Bi_a914ff', 'admin', '2016-03-18 15:56:44', 'Off_Bi_a914ff'),
	(101, 'added user ::BR_officer_3', 'admin', '2016-03-18 15:57:17', 'BR_officer_3'),
	(102, 'added user ::BR_officer_4', 'admin', '2016-03-18 15:57:20', 'BR_officer_4'),
	(103, 'added user ::BR_officer_5', 'admin', '2016-03-18 15:57:20', 'BR_officer_5'),
	(104, 'added user ::BR_officer_6', 'admin', '2016-03-18 15:57:20', 'BR_officer_6'),
	(105, 'added user ::BR_officer_7', 'admin', '2016-03-18 15:57:20', 'BR_officer_7'),
	(106, 'added user ::BR_officer_8', 'admin', '2016-03-18 15:57:21', 'BR_officer_8'),
	(107, 'added user ::BR_officer_9', 'admin', '2016-03-18 15:57:21', 'BR_officer_9'),
	(108, 'added user ::BR_officer_10', 'admin', '2016-03-18 15:57:21', 'BR_officer_10'),
	(109, 'deleted officer ::Off_Bi_520721', 'admin', '2016-03-18 15:58:37', 'Off_Bi_520721'),
	(110, 'deleted officer ::Off_Bi_66b986', 'admin', '2016-03-18 15:58:42', 'Off_Bi_66b986'),
	(111, 'added user ::BR_officer_1', 'admin', '2016-03-18 15:59:56', 'BR_officer_1'),
	(112, 'added user ::BR_officer_1', 'admin', '2016-03-18 16:17:40', 'BR_officer_1'),
	(113, 'added user ::BR_officer_2', 'admin', '2016-03-18 16:20:58', 'BR_officer_2'),
	(114, 'added user ::BR_officer_3', 'admin', '2016-03-18 16:22:03', 'BR_officer_3'),
	(115, 'added user ::BR_officer_4', 'admin', '2016-03-18 16:23:59', 'BR_officer_4'),
	(116, 'added user ::BR_officer_5', 'admin', '2016-03-18 16:26:02', 'BR_officer_5'),
	(117, 'added user ::BR_officer_1', 'admin', '2016-03-18 16:29:26', 'BR_officer_1'),
	(118, 'added user ::BR_officer_2', 'admin', '2016-03-18 16:49:03', 'BR_officer_2'),
	(119, 'user added  ::Bi_3a7966', 'BR_officer_1', '2016-03-18 17:04:36', 'Bi_3a7966'),
	(120, 'user added  ::Bi_6207be', 'BR_officer_1', '2016-03-18 17:06:19', 'Bi_6207be'),
	(121, 'user added  ::Bi_3687fe', 'BR_officer_1', '2016-03-18 17:06:24', 'Bi_3687fe'),
	(122, 'user added  ::Bi_59539d', 'BR_officer_1', '2016-03-18 17:06:30', 'Bi_59539d'),
	(123, 'user added  ::Bi_bb1ce9', 'BR_officer_1', '2016-03-18 17:08:51', 'Bi_bb1ce9'),
	(124, 'service rejected  ::JH0010010', 'JH_officer_1', '2016-03-22 10:31:03', 'JH0010010'),
	(125, 'user updated ::Ch_9680f1', 'CH_officer_1', '2016-03-22 11:11:01', 'Ch_9680f1'),
	(126, 'user password changed ::Off_Ch_844a4e', 'CH_officer_1', '2016-03-22 11:41:05', 'Off_Ch_844a4e'),
	(127, 'updated user info ::Ja_156f46', 'admin', '2016-03-22 13:45:01', 'Ja_156f46'),
	(128, 'updated user info ::Ja_156f46', 'admin', '2016-03-22 14:15:27', 'Ja_156f46');
/*!40000 ALTER TABLE `user_log` ENABLE KEYS */;
/*!40101 SET SQL_MODE=IFNULL(@OLD_SQL_MODE, '') */;
/*!40014 SET FOREIGN_KEY_CHECKS=IF(@OLD_FOREIGN_KEY_CHECKS IS NULL, 1, @OLD_FOREIGN_KEY_CHECKS) */;
/*!40101 SET CHARACTER_SET_CLIENT=@OLD_CHARACTER_SET_CLIENT */;
